OrderID,OrderDate,ProductID,CustomerName,Region,Quantity,UnitPrice,Discount
1001,2024-01-03,P004,Bianchi Office Spa,Isole,4.0,22.0,0.0
1002,2024-01-03,P002,Rossi Distribuzione Srl,Nord Ovest,10.0,38.0,0.05
1003,2024-01-05,P004,Rossi Distribuzione Srl,Isole,9.0,22.0,0.1
1004,2024-01-06,P009,Viola Logistica Srl,Isole,7.0,65.0,0.0
1005,2024-01-07,P001,Verdi Tech Solutions,Sud,13.0,12.5,0.2
1006,2024-01-07,P006,Neri Forniture Ufficio,Centro,5.0,260.0,0.0
1007,2024-01-10,P002,Blu Retail Group,Isole,6.0,38.0,0.2
1008,2024-01-10,P005,Viola Logistica Srl,Isole,13.0,145.0,0.0
1009,2024-01-10,P002,Bianchi Office Spa,Isole,15.0,38.0,0.05
1010,2024-01-11,P010,Blu Retail Group,Isole,15.0,24.0,0.2
1011,2024-01-11,P004,Rossi Distribuzione Srl,Nord Est,12.0,22.0,0.0
1012,2024-01-12,P002,Bianchi Office Spa,Sud,14.0,38.0,0.0
1013,2024-01-12,P005,Blu Retail Group,Nord Est,8.0,145.0,0.15
1014,2024-01-13,P006,Gialli Import Export,Nord Ovest,4.0,260.0,0.15
1015,2024-01-13,P010,Argento Trading,Nord Est,11.0,24.0,0.0
1016,2024-01-14,P008,Argento Trading,Nord Est,7.0,29.0,0.0
1017,2024-01-15,P001,Rossi Distribuzione Srl,Centro,4.0,12.5,0.2
1018,2024-01-15,P007,Neri Forniture Ufficio,Isole,5.0,18.0,0.0
1019,2024-01-16,P004,Marroni Commerciale,Sud,11.0,22.0,0.05
1020,2024-01-16,P003,Neri Forniture Ufficio,Isole,5.0,210.0,0.0
1021,2024-01-17,P010,Marroni Commerciale,Centro,7.0,24.0,0.1
1022,2024-01-17,P004,Viola Logistica Srl,Nord Ovest,3.0,22.0,0.1
1023,2024-01-20,P003,Marroni Commerciale,Isole,13.0,210.0,0.15
1024,2024-01-22,P007,Argento Trading,Centro,10.0,18.0,0.05
1025,2024-01-22,P009,Bianchi Office Spa,Isole,14.0,65.0,0.0
1026,2024-01-22,P005,Blu Retail Group,Nord Ovest,13.0,145.0,0.15
1027,2024-01-23,P007,Rossi Distribuzione Srl,Centro,3.0,18.0,0.05
1028,2024-01-23,P009,Argento Trading,Nord Ovest,13.0,65.0,0.0
1029,2024-01-24,P009,Verdi Tech Solutions,Centro,10.0,65.0,0.0
1030,2024-01-24,P003,Argento Trading,Nord Ovest,9.0,210.0,0.2
1031,2024-01-25,P008,Blu Retail Group,Centro,1.0,29.0,0.0
1032,2024-01-25,P004,Oro Servizi Aziendali,Nord Ovest,1.0,22.0,0.0
1033,2024-01-27,P002,Verdi Tech Solutions,Nord Est,13.0,38.0,0.1
1034,2024-01-27,P008,Gialli Import Export,Isole,9.0,29.0,0.0
1035,2024-01-27,P010,Argento Trading,Nord Est,7.0,24.0,0.0
1036,2024-01-28,P007,Blu Retail Group,Sud,11.0,18.0,0.15
1037,2024-01-28,P009,Neri Forniture Ufficio,Nord Est,8.0,65.0,0.0
1038,2024-01-30,P001,Neri Forniture Ufficio,Isole,10.0,12.5,0.1
1039,2024-01-30,P004,Rossi Distribuzione Srl,Nord Est,1.0,22.0,0.0
1040,2024-02-02,P002,Gialli Import Export,Sud,9.0,38.0,0.0
1041,2024-02-02,P004,Oro Servizi Aziendali,Isole,9.0,22.0,0.0
1042,2024-02-03,P004,Marroni Commerciale,Nord Est,13.0,22.0,0.05
1043,2024-02-03,P002,Marroni Commerciale,Centro,2.0,38.0,0.15
1044,2024-02-03,P007,Rossi Distribuzione Srl,Nord Ovest,7.0,18.0,0.05
1045,2024-02-05,P006,Bianchi Office Spa,Nord Est,13.0,260.0,0.2
1046,2024-02-05,P004,Viola Logistica Srl,Nord Est,4.0,22.0,0.1
1047,2024-02-05,P007,Viola Logistica Srl,Nord Est,3.0,18.0,0.0
1048,2024-02-07,P009,Argento Trading,Nord Ovest,2.0,65.0,0.0
1049,2024-02-07,P002,Neri Forniture Ufficio,Nord Est,15.0,38.0,0.2
1050,2024-02-07,P007,Neri Forniture Ufficio,Sud,8.0,18.0,0.05
1051,2024-02-09,P007,Gialli Import Export,Sud,1.0,18.0,0.05
1052,2024-02-10,P007,Argento Trading,Sud,12.0,18.0,0.15
1053,2024-02-10,P003,Neri Forniture Ufficio,Nord Ovest,4.0,210.0,0.0
1054,2024-02-12,P001,Viola Logistica Srl,Isole,1.0,12.5,0.1
1055,2024-02-12,P009,Argento Trading,Nord Ovest,3.0,65.0,0.0
1056,2024-02-13,P002,Neri Forniture Ufficio,Sud,10.0,38.0,0.0
1057,2024-02-15,P010,Oro Servizi Aziendali,Nord Ovest,10.0,24.0,0.0
1058,2024-02-16,P010,Blu Retail Group,Centro,10.0,24.0,0.1
1059,2024-02-16,P004,Blu Retail Group,Nord Est,11.0,22.0,0.15
1060,2024-02-16,P005,Gialli Import Export,Sud,7.0,145.0,0.0
1061,2024-02-17,P002,Oro Servizi Aziendali,Isole,1.0,38.0,0.05
1062,2024-02-17,P002,Neri Forniture Ufficio,Isole,2.0,38.0,0.1
1063,2024-02-18,P003,Bianchi Office Spa,Nord Est,15.0,210.0,0.0
1064,2024-02-18,P006,Viola Logistica Srl,Isole,5.0,260.0,0.0
1065,2024-02-19,P010,Argento Trading,Nord Ovest,13.0,24.0,0.15
1066,2024-02-19,P009,Bianchi Office Spa,Nord Est,5.0,65.0,0.15
1067,2024-02-20,P002,Argento Trading,Nord Est,15.0,38.0,0.0
1068,2024-02-20,P005,Neri Forniture Ufficio,Centro,5.0,145.0,0.1
1069,2024-02-21,P005,Gialli Import Export,Nord Ovest,9.0,145.0,0.05
1070,2024-02-23,P005,Blu Retail Group,Nord Est,1.0,145.0,0.0
1071,2024-02-23,P005,Viola Logistica Srl,Isole,3.0,145.0,0.15
1072,2024-02-23,P007,Bianchi Office Spa,Nord Ovest,9.0,18.0,0.0
1073,2024-02-24,P009,Blu Retail Group,Isole,1.0,65.0,0.2
1074,2024-02-25,P007,Gialli Import Export,Centro,3.0,18.0,0.0
1075,2024-02-27,P004,Bianchi Office Spa,Centro,11.0,22.0,0.0
1076,2024-02-27,P009,Marroni Commerciale,Isole,15.0,65.0,0.2
1077,2024-02-28,P004,Verdi Tech Solutions,Sud,14.0,22.0,0.0
1078,2024-03-01,P006,Neri Forniture Ufficio,Centro,13.0,260.0,0.05
1079,2024-03-02,P002,Rossi Distribuzione Srl,Sud,7.0,38.0,0.2
1080,2024-03-03,P004,Blu Retail Group,Centro,14.0,22.0,0.05
1081,2024-03-04,P004,Neri Forniture Ufficio,Sud,1.0,22.0,0.15
1082,2024-03-05,P005,Gialli Import Export,Centro,14.0,145.0,0.0
1083,2024-03-05,P009,Argento Trading,Centro,7.0,65.0,0.15
1084,2024-03-08,P003,Rossi Distribuzione Srl,Nord Ovest,10.0,210.0,0.0
1085,2024-03-08,P010,Blu Retail Group,Sud,7.0,24.0,0.0
1086,2024-03-10,P010,Rossi Distribuzione Srl,Sud,4.0,24.0,0.0
1087,2024-03-10,P001,Argento Trading,Nord Est,9.0,12.5,0.2
1088,2024-03-10,P006,Blu Retail Group,Isole,7.0,260.0,0.0
1089,2024-03-11,P002,Argento Trading,Centro,12.0,38.0,0.0
1090,2024-03-11,P007,Gialli Import Export,Isole,6.0,18.0,0.05
1091,2024-03-12,P004,Marroni Commerciale,Nord Est,7.0,22.0,0.15
1092,2024-03-13,P007,Rossi Distribuzione Srl,Centro,9.0,18.0,0.2
1093,2024-03-13,P005,Oro Servizi Aziendali,Isole,4.0,145.0,0.05
1094,2024-03-14,P008,Neri Forniture Ufficio,Isole,8.0,29.0,0.05
1095,2024-03-14,P008,Verdi Tech Solutions,Nord Ovest,13.0,29.0,0.2
1096,2024-03-15,P009,Oro Servizi Aziendali,Centro,11.0,65.0,0.15
1097,2024-03-15,P002,Neri Forniture Ufficio,Centro,14.0,38.0,0.2
1098,2024-03-16,P004,Rossi Distribuzione Srl,Nord Est,3.0,22.0,0.0
1099,2024-03-17,P010,Bianchi Office Spa,Sud,14.0,24.0,0.2
1100,2024-03-17,P007,Oro Servizi Aziendali,Nord Est,15.0,18.0,0.15
1101,2024-03-17,P007,Neri Forniture Ufficio,Nord Est,8.0,18.0,0.05
1102,2024-03-20,P004,Argento Trading,Sud,3.0,22.0,0.2
1103,2024-03-20,P001,Bianchi Office Spa,Sud,9.0,12.5,0.0
1104,2024-03-20,P003,Argento Trading,Isole,13.0,210.0,0.05
1105,2024-03-21,P008,Argento Trading,Sud,10.0,29.0,0.2
1106,2024-03-21,P009,Viola Logistica Srl,Sud,8.0,65.0,0.0
1107,2024-03-22,P004,Gialli Import Export,Isole,14.0,22.0,0.15
1108,2024-03-22,P008,Gialli Import Export,Sud,11.0,29.0,0.0
1109,2024-03-24,P004,Blu Retail Group,Isole,5.0,22.0,0.0
1110,2024-03-24,P002,Neri Forniture Ufficio,Sud,3.0,38.0,0.0
1111,2024-03-25,P004,Marroni Commerciale,Centro,2.0,22.0,0.05
1112,2024-03-26,P007,Marroni Commerciale,Sud,1.0,18.0,0.0
1113,2024-03-26,P010,Oro Servizi Aziendali,Sud,12.0,24.0,0.0
1114,2024-03-26,P008,Gialli Import Export,Sud,1.0,29.0,0.0
1115,2024-03-27,P009,Argento Trading,Isole,12.0,65.0,0.15
1116,2024-03-27,P004,Gialli Import Export,Sud,8.0,22.0,0.0
1117,2024-03-27,P008,Blu Retail Group,Sud,1.0,29.0,0.05
1118,2024-03-28,P008,Oro Servizi Aziendali,Isole,15.0,29.0,0.0
1119,2024-03-30,P010,Rossi Distribuzione Srl,Nord Ovest,10.0,24.0,0.15
1120,2024-03-30,P007,Viola Logistica Srl,Nord Est,3.0,18.0,0.2
1121,2024-03-30,P001,Blu Retail Group,Nord Est,5.0,12.5,0.05
1122,2024-03-31,P006,Marroni Commerciale,Centro,6.0,260.0,0.2
1123,2024-03-31,P007,Bianchi Office Spa,Sud,5.0,18.0,0.2
1124,2024-03-31,P001,Rossi Distribuzione Srl,Centro,12.0,12.5,0.1
1125,2024-04-01,P002,Rossi Distribuzione Srl,Nord Ovest,13.0,38.0,0.15
1126,2024-04-02,P004,Oro Servizi Aziendali,Nord Est,14.0,22.0,0.0
1127,2024-04-03,P003,Bianchi Office Spa,Isole,8.0,210.0,0.15
1128,2024-04-04,P008,Blu Retail Group,Nord Est,12.0,29.0,0.0
1129,2024-04-06,P005,Rossi Distribuzione Srl,Centro,2.0,145.0,0.1
1130,2024-04-07,P007,Bianchi Office Spa,Isole,12.0,18.0,0.0
1131,2024-04-07,P004,Gialli Import Export,Isole,2.0,22.0,0.15
1132,2024-04-07,P002,Rossi Distribuzione Srl,Centro,13.0,38.0,0.1
1133,2024-04-08,P006,Blu Retail Group,Nord Ovest,2.0,260.0,0.1
1134,2024-04-08,P007,Bianchi Office Spa,Sud,14.0,18.0,0.05
1135,2024-04-08,P006,Viola Logistica Srl,Nord Est,11.0,260.0,0.2
1136,2024-04-09,P003,Gialli Import Export,Isole,12.0,210.0,0.1
1137,2024-04-09,P009,Viola Logistica Srl,Sud,13.0,65.0,0.05
1138,2024-04-09,P010,Neri Forniture Ufficio,Nord Ovest,5.0,24.0,0.0
1139,2024-04-10,P008,Viola Logistica Srl,Isole,4.0,29.0,0.2
1140,2024-04-10,P010,Blu Retail Group,Nord Ovest,11.0,24.0,0.05
1141,2024-04-11,P006,Neri Forniture Ufficio,Centro,3.0,260.0,0.05
1142,2024-04-11,P005,Oro Servizi Aziendali,Centro,6.0,145.0,0.0
1143,2024-04-11,P009,Neri Forniture Ufficio,Nord Ovest,1.0,65.0,0.1
1144,2024-04-12,P007,Neri Forniture Ufficio,Sud,8.0,18.0,0.1
1145,2024-04-13,P008,Bianchi Office Spa,Centro,13.0,29.0,0.0
1146,2024-04-13,P004,Neri Forniture Ufficio,Centro,7.0,22.0,0.15
1147,2024-04-13,P010,Argento Trading,Isole,6.0,24.0,0.05
1148,2024-04-14,P007,Blu Retail Group,Centro,12.0,18.0,0.1
1149,2024-04-14,P008,Gialli Import Export,Nord Est,5.0,29.0,0.0
1150,2024-04-16,P006,Argento Trading,Nord Est,2.0,260.0,0.15
1151,2024-04-17,P004,Gialli Import Export,Isole,12.0,22.0,0.05
1152,2024-04-18,P002,Gialli Import Export,Nord Est,14.0,38.0,0.0
1153,2024-04-18,P006,Rossi Distribuzione Srl,Isole,3.0,260.0,0.0
1154,2024-04-19,P005,Argento Trading,Centro,1.0,145.0,0.0
1155,2024-04-20,P008,Rossi Distribuzione Srl,Isole,2.0,29.0,0.2
1156,2024-04-21,P008,Blu Retail Group,Nord Est,8.0,29.0,0.05
1157,2024-04-21,P001,Viola Logistica Srl,Nord Ovest,5.0,12.5,0.2
1158,2024-04-23,P008,Rossi Distribuzione Srl,Nord Est,2.0,29.0,0.1
1159,2024-04-23,P003,Gialli Import Export,Nord Ovest,13.0,210.0,0.1
1160,2024-04-23,P004,Marroni Commerciale,Isole,2.0,22.0,0.1
1161,2024-04-24,P009,Viola Logistica Srl,Centro,7.0,65.0,0.05
1162,2024-04-25,P005,Rossi Distribuzione Srl,Isole,10.0,145.0,0.1
1163,2024-04-25,P002,Neri Forniture Ufficio,Centro,13.0,38.0,0.0
1164,2024-04-25,P002,Verdi Tech Solutions,Isole,3.0,38.0,0.0
1165,2024-04-27,P001,Oro Servizi Aziendali,Sud,7.0,12.5,0.05
1166,2024-04-28,P001,Gialli Import Export,Sud,4.0,12.5,0.0
1167,2024-04-28,P002,Gialli Import Export,Isole,11.0,38.0,0.0
1168,2024-04-29,P007,Neri Forniture Ufficio,Nord Est,2.0,18.0,0.1
1169,2024-04-30,P003,Verdi Tech Solutions,Centro,2.0,210.0,0.0
1170,2024-04-30,P010,Oro Servizi Aziendali,Centro,12.0,24.0,0.2
1171,2024-05-01,P002,Gialli Import Export,Sud,8.0,38.0,0.15
1172,2024-05-01,P005,Viola Logistica Srl,Sud,9.0,145.0,0.1
1173,2024-05-01,P002,Marroni Commerciale,Centro,10.0,38.0,0.0
1174,2024-05-02,P001,Oro Servizi Aziendali,Isole,2.0,12.5,0.0
1175,2024-05-02,P001,Gialli Import Export,Isole,13.0,12.5,0.15
1176,2024-05-04,P008,Viola Logistica Srl,Centro,9.0,29.0,0.15
1177,2024-05-05,P010,Viola Logistica Srl,Nord Ovest,7.0,24.0,0.15
1178,2024-05-06,P006,Blu Retail Group,Nord Ovest,7.0,260.0,0.0
1179,2024-05-06,P003,Viola Logistica Srl,Centro,6.0,210.0,0.05
1180,2024-05-06,P007,Argento Trading,Nord Ovest,14.0,18.0,0.2
1181,2024-05-07,P002,Blu Retail Group,Nord Ovest,6.0,38.0,0.0
1182,2024-05-07,P007,Rossi Distribuzione Srl,Isole,14.0,18.0,0.1
1183,2024-05-07,P008,Neri Forniture Ufficio,Isole,7.0,29.0,0.0
1184,2024-05-08,P010,Viola Logistica Srl,Nord Ovest,13.0,24.0,0.05
1185,2024-05-08,P004,Verdi Tech Solutions,Centro,5.0,22.0,0.1
1186,2024-05-09,P008,Oro Servizi Aziendali,Nord Est,2.0,29.0,0.0
1187,2024-05-09,P003,Rossi Distribuzione Srl,Isole,5.0,210.0,0.1
1188,2024-05-09,P007,Bianchi Office Spa,Sud,2.0,18.0,0.0
1189,2024-05-11,P008,Gialli Import Export,Isole,15.0,29.0,0.15
1190,2024-05-12,P007,Viola Logistica Srl,Nord Est,14.0,18.0,0.05
1191,2024-05-12,P008,Marroni Commerciale,Nord Est,9.0,29.0,0.0
1192,2024-05-13,P002,Marroni Commerciale,Centro,5.0,38.0,0.2
1193,2024-05-14,P001,Gialli Import Export,Isole,5.0,12.5,0.15
1194,2024-05-14,P010,Verdi Tech Solutions,Sud,11.0,24.0,0.05
1195,2024-05-15,P006,Argento Trading,Sud,6.0,260.0,0.1
1196,2024-05-15,P008,Neri Forniture Ufficio,Nord Est,15.0,29.0,0.0
1197,2024-05-15,P010,Marroni Commerciale,Nord Ovest,7.0,24.0,0.0
1198,2024-05-16,P008,Marroni Commerciale,Sud,12.0,29.0,0.2
1199,2024-05-16,P003,Verdi Tech Solutions,Isole,8.0,210.0,0.0
1200,2024-05-17,P002,Viola Logistica Srl,Nord Ovest,14.0,38.0,0.2
1201,2024-05-17,P009,Rossi Distribuzione Srl,Nord Est,15.0,65.0,0.05
1202,2024-05-18,P003,Gialli Import Export,Centro,2.0,210.0,0.05
1203,2024-05-18,P010,Bianchi Office Spa,Centro,12.0,24.0,0.05
1204,2024-05-18,P009,Viola Logistica Srl,Isole,7.0,65.0,0.0
1205,2024-05-21,P005,Bianchi Office Spa,Sud,4.0,145.0,0.15
1206,2024-05-24,P003,Rossi Distribuzione Srl,Nord Ovest,12.0,210.0,0.0
1207,2024-05-24,P006,Gialli Import Export,Centro,13.0,260.0,0.0
1208,2024-05-24,P006,Neri Forniture Ufficio,Isole,7.0,260.0,0.0
1209,2024-05-25,P010,Verdi Tech Solutions,Nord Est,11.0,24.0,0.2
1210,2024-05-25,P003,Marroni Commerciale,Isole,2.0,210.0,0.1
1211,2024-05-25,P004,Verdi Tech Solutions,Nord Est,8.0,22.0,0.1
1212,2024-05-26,P005,Rossi Distribuzione Srl,Sud,8.0,145.0,0.0
1213,2024-05-26,P005,Verdi Tech Solutions,Nord Ovest,11.0,145.0,0.1
1214,2024-05-26,P008,Gialli Import Export,Sud,6.0,29.0,0.1
1215,2024-05-27,P008,Neri Forniture Ufficio,Sud,14.0,29.0,0.0
1216,2024-05-27,P008,Marroni Commerciale,Isole,2.0,29.0,0.0
1217,2024-05-28,P010,Gialli Import Export,Nord Ovest,5.0,24.0,0.15
1218,2024-05-28,P007,Oro Servizi Aziendali,Nord Ovest,5.0,18.0,0.0
1219,2024-05-29,P005,Neri Forniture Ufficio,Isole,13.0,145.0,0.2
1220,2024-05-29,P006,Neri Forniture Ufficio,Isole,4.0,260.0,0.15
1221,2024-05-29,P005,Verdi Tech Solutions,Nord Ovest,11.0,145.0,0.2
1222,2024-05-31,P008,Blu Retail Group,Nord Est,1.0,29.0,0.1
1223,2024-05-31,P002,Blu Retail Group,Sud,15.0,38.0,0.0
1224,2024-06-01,P004,Argento Trading,Centro,3.0,22.0,0.2
1225,2024-06-02,P003,Viola Logistica Srl,Centro,5.0,210.0,0.2
1226,2024-06-02,P006,Viola Logistica Srl,Nord Ovest,13.0,260.0,0.0
1227,2024-06-03,P004,Marroni Commerciale,Isole,14.0,22.0,0.15
1228,2024-06-04,P002,Rossi Distribuzione Srl,Centro,13.0,38.0,0.05
1229,2024-06-04,P009,Blu Retail Group,Centro,2.0,65.0,0.05
1230,2024-06-05,P006,Neri Forniture Ufficio,Sud,2.0,260.0,0.15
1231,2024-06-05,P001,Blu Retail Group,Isole,10.0,12.5,0.1
1232,2024-06-05,P004,Viola Logistica Srl,Centro,11.0,22.0,0.0
1233,2024-06-06,P002,Rossi Distribuzione Srl,Centro,3.0,38.0,0.0
1234,2024-06-06,P008,Neri Forniture Ufficio,Isole,2.0,29.0,0.0
1235,2024-06-06,P003,Blu Retail Group,Isole,7.0,210.0,0.05
1236,2024-06-07,P010,Verdi Tech Solutions,Sud,12.0,24.0,0.15
1237,2024-06-07,P002,Oro Servizi Aziendali,Sud,14.0,38.0,0.05
1238,2024-06-07,P005,Blu Retail Group,Nord Est,1.0,145.0,0.15
1239,2024-06-08,P008,Blu Retail Group,Nord Ovest,4.0,29.0,0.2
1240,2024-06-08,P006,Blu Retail Group,Nord Ovest,9.0,260.0,0.15
1241,2024-06-08,P007,Bianchi Office Spa,Sud,5.0,18.0,0.0
1242,2024-06-10,P010,Blu Retail Group,Nord Est,1.0,24.0,0.0
1243,2024-06-11,P010,Argento Trading,Nord Est,4.0,24.0,0.0
1244,2024-06-12,P004,Verdi Tech Solutions,Isole,6.0,22.0,0.2
1245,2024-06-14,P003,Gialli Import Export,Nord Est,3.0,210.0,0.1
1246,2024-06-14,P002,Rossi Distribuzione Srl,Nord Est,11.0,38.0,0.2
1247,2024-06-16,P004,Rossi Distribuzione Srl,Nord Est,10.0,22.0,0.0
1248,2024-06-16,P005,Marroni Commerciale,Isole,1.0,145.0,0.0
1249,2024-06-19,P008,Argento Trading,Isole,13.0,29.0,0.0
1250,2024-06-19,P002,Neri Forniture Ufficio,Isole,8.0,38.0,0.1
1251,2024-06-19,P001,Argento Trading,Centro,12.0,12.5,0.2
1252,2024-06-20,P001,Marroni Commerciale,Sud,1.0,12.5,0.05
1253,2024-06-20,P002,Viola Logistica Srl,Nord Ovest,8.0,38.0,0.15
1254,2024-06-20,P002,Verdi Tech Solutions,Nord Ovest,6.0,38.0,0.1
1255,2024-06-21,P005,Oro Servizi Aziendali,Isole,10.0,145.0,0.15
1256,2024-06-22,P007,Gialli Import Export,Sud,10.0,18.0,0.1
1257,2024-06-22,P009,Bianchi Office Spa,Nord Ovest,10.0,65.0,0.05
1258,2024-06-23,P007,Marroni Commerciale,Centro,8.0,18.0,0.0
1259,2024-06-24,P007,Bianchi Office Spa,Centro,7.0,18.0,0.15
1260,2024-06-24,P007,Gialli Import Export,Centro,6.0,18.0,0.15
1261,2024-06-24,P003,Bianchi Office Spa,Nord Ovest,11.0,210.0,0.05
1262,2024-06-27,P002,Blu Retail Group,Nord Est,12.0,38.0,0.15
1263,2024-06-27,P009,Argento Trading,Isole,1.0,65.0,0.1
1264,2024-06-27,P006,Marroni Commerciale,Centro,11.0,260.0,0.0
1265,2024-06-28,P001,Gialli Import Export,Centro,5.0,12.5,0.1
1266,2024-06-28,P002,Neri Forniture Ufficio,Nord Est,10.0,38.0,0.1
1267,2024-06-28,P008,Bianchi Office Spa,Centro,4.0,29.0,0.2
1268,2024-06-29,P002,Oro Servizi Aziendali,Nord Est,13.0,38.0,0.0
1269,2024-06-29,P007,Oro Servizi Aziendali,Isole,14.0,18.0,0.1
1270,2024-07-01,P001,Gialli Import Export,Centro,3.0,12.5,0.0
1271,2024-07-01,P006,Verdi Tech Solutions,Isole,1.0,260.0,0.0
1272,2024-07-02,P002,Rossi Distribuzione Srl,Nord Ovest,3.0,38.0,0.15
1273,2024-07-02,P009,Marroni Commerciale,Sud,4.0,65.0,0.05
1274,2024-07-02,P006,Gialli Import Export,Centro,3.0,260.0,0.0
1275,2024-07-05,P003,Rossi Distribuzione Srl,Nord Ovest,13.0,210.0,0.1
1276,2024-07-06,P008,Viola Logistica Srl,Isole,11.0,29.0,0.05
1277,2024-07-06,P008,Neri Forniture Ufficio,Isole,7.0,29.0,0.0
1278,2024-07-08,P007,Oro Servizi Aziendali,Sud,2.0,18.0,0.0
1279,2024-07-08,P009,Rossi Distribuzione Srl,Nord Est,11.0,65.0,0.0
1280,2024-07-09,P010,Neri Forniture Ufficio,Centro,1.0,24.0,0.0
1281,2024-07-09,P004,Gialli Import Export,Centro,13.0,22.0,0.0
1282,2024-07-09,P006,Viola Logistica Srl,Sud,2.0,260.0,0.0
1283,2024-07-10,P003,Neri Forniture Ufficio,Isole,7.0,210.0,0.1
1284,2024-07-11,P002,Rossi Distribuzione Srl,Sud,7.0,38.0,0.2
1285,2024-07-11,P001,Blu Retail Group,Isole,8.0,12.5,0.0
1286,2024-07-12,P010,Marroni Commerciale,Centro,7.0,24.0,0.15
1287,2024-07-12,P002,Blu Retail Group,Nord Est,7.0,38.0,0.0
1288,2024-07-12,P010,Blu Retail Group,Nord Ovest,8.0,24.0,0.2
1289,2024-07-13,P002,Oro Servizi Aziendali,Sud,4.0,38.0,0.05
1290,2024-07-13,P009,Gialli Import Export,Centro,2.0,65.0,0.05
1291,2024-07-13,P004,Verdi Tech Solutions,Nord Ovest,6.0,22.0,0.2
1292,2024-07-15,P006,Verdi Tech Solutions,Nord Est,6.0,260.0,0.15
1293,2024-07-17,P005,Oro Servizi Aziendali,Nord Est,4.0,145.0,0.0
1294,2024-07-19,P008,Oro Servizi Aziendali,Isole,8.0,29.0,0.2
1295,2024-07-20,P010,Oro Servizi Aziendali,Centro,11.0,24.0,0.15
1296,2024-07-20,P006,Bianchi Office Spa,Sud,3.0,260.0,0.05
1297,2024-07-20,P008,Gialli Import Export,Isole,11.0,29.0,0.0
1298,2024-07-22,P009,Viola Logistica Srl,Sud,2.0,65.0,0.0
1299,2024-07-22,P001,Gialli Import Export,Nord Ovest,1.0,12.5,0.0
1300,2024-07-24,P008,Rossi Distribuzione Srl,Sud,10.0,29.0,0.1
1301,2024-07-24,P010,Blu Retail Group,Isole,11.0,24.0,0.0
1302,2024-07-24,P008,Rossi Distribuzione Srl,Sud,9.0,29.0,0.0
1303,2024-07-26,P002,Verdi Tech Solutions,Nord Ovest,9.0,38.0,0.15
1304,2024-07-26,P004,Viola Logistica Srl,Isole,12.0,22.0,0.05
1305,2024-07-27,P006,Marroni Commerciale,Sud,6.0,260.0,0.0
1306,2024-07-28,P010,Blu Retail Group,Nord Ovest,1.0,24.0,0.2
1307,2024-07-28,P006,Marroni Commerciale,Centro,2.0,260.0,0.1
1308,2024-07-29,P010,Blu Retail Group,Nord Ovest,14.0,24.0,0.0
1309,2024-07-29,P010,Blu Retail Group,Centro,11.0,24.0,0.0
1310,2024-07-30,P003,Bianchi Office Spa,Centro,10.0,210.0,0.15
1311,2024-07-30,P009,Blu Retail Group,Nord Est,7.0,65.0,0.15
1312,2024-07-30,P009,Marroni Commerciale,Isole,2.0,65.0,0.15
1313,2024-07-31,P001,Verdi Tech Solutions,Nord Est,6.0,12.5,0.0
1314,2024-07-31,P006,Neri Forniture Ufficio,Nord Est,13.0,260.0,0.05
1315,2024-08-01,P003,Bianchi Office Spa,Isole,2.0,210.0,0.0
1316,2024-08-03,P010,Marroni Commerciale,Nord Est,3.0,24.0,0.1
1317,2024-08-03,P003,Oro Servizi Aziendali,Nord Est,3.0,210.0,0.2
1318,2024-08-04,P001,Neri Forniture Ufficio,Sud,7.0,12.5,0.0
1319,2024-08-04,P010,Viola Logistica Srl,Nord Est,5.0,24.0,0.2
1320,2024-08-04,P009,Viola Logistica Srl,Nord Est,4.0,65.0,0.0
1321,2024-08-05,P010,Gialli Import Export,Sud,8.0,24.0,0.05
1322,2024-08-05,P009,Verdi Tech Solutions,Nord Est,9.0,65.0,0.05
1323,2024-08-06,P005,Viola Logistica Srl,Centro,1.0,145.0,0.15
1324,2024-08-09,P002,Gialli Import Export,Sud,13.0,38.0,0.0
1325,2024-08-09,P009,Marroni Commerciale,Nord Ovest,3.0,65.0,0.2
1326,2024-08-10,P008,Rossi Distribuzione Srl,Sud,15.0,29.0,0.0
1327,2024-08-12,P009,Marroni Commerciale,Nord Ovest,6.0,65.0,0.0
1328,2024-08-12,P006,Blu Retail Group,Nord Ovest,4.0,260.0,0.0
1329,2024-08-12,P006,Verdi Tech Solutions,Nord Ovest,13.0,260.0,0.0
1330,2024-08-13,P008,Verdi Tech Solutions,Sud,12.0,29.0,0.2
1331,2024-08-13,P008,Bianchi Office Spa,Nord Ovest,10.0,29.0,0.0
1332,2024-08-14,P004,Argento Trading,Isole,14.0,22.0,0.0
1333,2024-08-14,P009,Gialli Import Export,Nord Est,7.0,65.0,0.0
1334,2024-08-15,P002,Marroni Commerciale,Isole,1.0,38.0,0.0
1335,2024-08-15,P008,Viola Logistica Srl,Isole,2.0,29.0,0.0
1336,2024-08-17,P003,Rossi Distribuzione Srl,Isole,5.0,210.0,0.05
1337,2024-08-18,P004,Verdi Tech Solutions,Nord Ovest,10.0,22.0,0.05
1338,2024-08-18,P009,Argento Trading,Isole,6.0,65.0,0.0
1339,2024-08-20,P008,Marroni Commerciale,Centro,1.0,29.0,0.15
1340,2024-08-20,P005,Blu Retail Group,Nord Ovest,12.0,145.0,0.0
1341,2024-08-20,P006,Bianchi Office Spa,Isole,4.0,260.0,0.15
1342,2024-08-21,P003,Argento Trading,Centro,1.0,210.0,0.0
1343,2024-08-21,P003,Viola Logistica Srl,Sud,14.0,210.0,0.2
1344,2024-08-22,P003,Viola Logistica Srl,Nord Ovest,2.0,210.0,0.15
1345,2024-08-23,P004,Neri Forniture Ufficio,Nord Ovest,1.0,22.0,0.2
1346,2024-08-23,P006,Argento Trading,Sud,15.0,260.0,0.0
1347,2024-08-24,P005,Neri Forniture Ufficio,Centro,1.0,145.0,0.2
1348,2024-08-24,P006,Rossi Distribuzione Srl,Centro,14.0,260.0,0.2
1349,2024-08-24,P005,Blu Retail Group,Sud,2.0,145.0,0.2
1350,2024-08-25,P008,Blu Retail Group,Nord Est,15.0,29.0,0.05
1351,2024-08-25,P008,Blu Retail Group,Isole,12.0,29.0,0.05
1352,2024-08-25,P005,Marroni Commerciale,Nord Ovest,13.0,145.0,0.0
1353,2024-08-26,P010,Argento Trading,Centro,14.0,24.0,0.0
1354,2024-08-26,P006,Blu Retail Group,Centro,2.0,260.0,0.0
1355,2024-08-26,P005,Marroni Commerciale,Nord Est,8.0,145.0,0.1
1356,2024-08-27,P006,Blu Retail Group,Isole,8.0,260.0,0.0
1357,2024-08-27,P007,Rossi Distribuzione Srl,Nord Ovest,5.0,18.0,0.15
1358,2024-08-27,P007,Verdi Tech Solutions,Nord Ovest,6.0,18.0,0.1
1359,2024-08-28,P010,Viola Logistica Srl,Nord Ovest,11.0,24.0,0.2
1360,2024-08-29,P002,Blu Retail Group,Centro,4.0,38.0,0.2
1361,2024-08-30,P010,Verdi Tech Solutions,Sud,1.0,24.0,0.1
1362,2024-08-30,P006,Bianchi Office Spa,Isole,6.0,260.0,0.05
1363,2024-08-30,P003,Marroni Commerciale,Centro,9.0,210.0,0.0
1364,2024-08-31,P004,Verdi Tech Solutions,Sud,2.0,22.0,0.0
1365,2024-08-31,P009,Bianchi Office Spa,Centro,7.0,65.0,0.1
1366,2024-09-01,P008,Gialli Import Export,Sud,4.0,29.0,0.1
1367,2024-09-01,P004,Bianchi Office Spa,Sud,2.0,22.0,0.0
1368,2024-09-02,P008,Blu Retail Group,Centro,2.0,29.0,0.2
1369,2024-09-04,P005,Verdi Tech Solutions,Centro,14.0,145.0,0.0
1370,2024-09-04,P009,Neri Forniture Ufficio,Nord Est,4.0,65.0,0.0
1371,2024-09-05,P008,Argento Trading,Isole,1.0,29.0,0.0
1372,2024-09-06,P008,Verdi Tech Solutions,Isole,13.0,29.0,0.1
1373,2024-09-06,P002,Marroni Commerciale,Sud,2.0,38.0,0.0
1374,2024-09-07,P007,Bianchi Office Spa,Nord Est,14.0,18.0,0.1
1375,2024-09-07,P006,Viola Logistica Srl,Sud,11.0,260.0,0.0
1376,2024-09-07,P009,Argento Trading,Isole,6.0,65.0,0.0
1377,2024-09-08,P003,Rossi Distribuzione Srl,Nord Ovest,7.0,210.0,0.1
1378,2024-09-09,P005,Blu Retail Group,Nord Est,3.0,145.0,0.0
1379,2024-09-10,P009,Bianchi Office Spa,Centro,15.0,65.0,0.0
1380,2024-09-10,P004,Gialli Import Export,Nord Est,11.0,22.0,0.1
1381,2024-09-11,P010,Argento Trading,Nord Est,9.0,24.0,0.0
1382,2024-09-11,P010,Verdi Tech Solutions,Isole,10.0,24.0,0.0
1383,2024-09-12,P010,Rossi Distribuzione Srl,Nord Ovest,1.0,24.0,0.2
1384,2024-09-12,P001,Oro Servizi Aziendali,Centro,11.0,12.5,0.2
1385,2024-09-13,P010,Rossi Distribuzione Srl,Sud,7.0,24.0,0.1
1386,2024-09-14,P005,Marroni Commerciale,Centro,8.0,145.0,0.0
1387,2024-09-14,P008,Rossi Distribuzione Srl,Nord Est,2.0,29.0,0.15
1388,2024-09-15,P007,Neri Forniture Ufficio,Centro,8.0,18.0,0.05
1389,2024-09-15,P010,Blu Retail Group,Centro,3.0,24.0,0.0
1390,2024-09-15,P007,Blu Retail Group,Isole,3.0,18.0,0.2
1391,2024-09-17,P004,Gialli Import Export,Sud,8.0,22.0,0.0
1392,2024-09-17,P004,Rossi Distribuzione Srl,Centro,3.0,22.0,0.0
1393,2024-09-18,P010,Verdi Tech Solutions,Centro,7.0,24.0,0.0
1394,2024-09-18,P010,Neri Forniture Ufficio,Nord Est,12.0,24.0,0.0
1395,2024-09-18,P008,Viola Logistica Srl,Centro,9.0,29.0,0.05
1396,2024-09-19,P001,Argento Trading,Sud,2.0,12.5,0.05
1397,2024-09-19,P004,Blu Retail Group,Nord Ovest,4.0,22.0,0.1
1398,2024-09-19,P001,Oro Servizi Aziendali,Sud,5.0,12.5,0.05
1399,2024-09-20,P009,Bianchi Office Spa,Sud,1.0,65.0,0.2
1400,2024-09-20,P003,Blu Retail Group,Sud,15.0,210.0,0.0
1401,2024-09-21,P001,Oro Servizi Aziendali,Isole,7.0,12.5,0.0
1402,2024-09-21,P004,Gialli Import Export,Nord Ovest,6.0,22.0,0.1
1403,2024-09-22,P009,Argento Trading,Centro,8.0,65.0,0.2
1404,2024-09-22,P010,Bianchi Office Spa,Nord Est,11.0,24.0,0.1
1405,2024-09-22,P002,Blu Retail Group,Isole,7.0,38.0,0.0
1406,2024-09-23,P003,Argento Trading,Sud,4.0,210.0,0.1
1407,2024-09-23,P009,Rossi Distribuzione Srl,Nord Est,1.0,65.0,0.0
1408,2024-09-24,P008,Verdi Tech Solutions,Isole,9.0,29.0,0.05
1409,2024-09-24,P009,Oro Servizi Aziendali,Centro,3.0,65.0,0.0
1410,2024-09-25,P007,Gialli Import Export,Isole,10.0,18.0,0.15
1411,2024-09-26,P009,Argento Trading,Sud,14.0,65.0,0.1
1412,2024-09-26,P010,Rossi Distribuzione Srl,Centro,5.0,24.0,0.05
1413,2024-09-27,P002,Gialli Import Export,Nord Ovest,7.0,38.0,0.1
1414,2024-09-27,P010,Oro Servizi Aziendali,Isole,8.0,24.0,0.0
1415,2024-09-28,P001,Verdi Tech Solutions,Isole,10.0,12.5,0.05
1416,2024-09-29,P003,Neri Forniture Ufficio,Nord Ovest,14.0,210.0,0.15
1417,2024-09-29,P010,Neri Forniture Ufficio,Nord Ovest,12.0,24.0,0.0
1418,2024-09-29,P008,Verdi Tech Solutions,Sud,6.0,29.0,0.05
1419,2024-09-30,P007,Oro Servizi Aziendali,Sud,9.0,18.0,0.2
1420,2024-10-02,P009,Blu Retail Group,Sud,4.0,65.0,0.1
1421,2024-10-03,P006,Argento Trading,Centro,3.0,260.0,0.05
1422,2024-10-03,P009,Gialli Import Export,Isole,6.0,65.0,0.15
1423,2024-10-03,P008,Gialli Import Export,Isole,4.0,29.0,0.0
1424,2024-10-04,P004,Gialli Import Export,Nord Est,5.0,22.0,0.2
1425,2024-10-04,P008,Blu Retail Group,Isole,6.0,29.0,0.05
1426,2024-10-05,P005,Argento Trading,Sud,2.0,145.0,0.1
1427,2024-10-05,P007,Verdi Tech Solutions,Centro,14.0,18.0,0.0
1428,2024-10-07,P002,Gialli Import Export,Sud,6.0,38.0,0.05
1429,2024-10-07,P004,Argento Trading,Centro,4.0,22.0,0.2
1430,2024-10-08,P003,Oro Servizi Aziendali,Nord Est,2.0,210.0,0.1
1431,2024-10-08,P004,Argento Trading,Nord Est,1.0,22.0,0.15
1432,2024-10-09,P001,Blu Retail Group,Sud,2.0,12.5,0.05
1433,2024-10-11,P001,Marroni Commerciale,Sud,9.0,12.5,0.0
1434,2024-10-12,P004,Blu Retail Group,Centro,13.0,22.0,0.0
1435,2024-10-12,P001,Bianchi Office Spa,Isole,15.0,12.5,0.2
1436,2024-10-12,P004,Rossi Distribuzione Srl,Nord Est,9.0,22.0,0.15
1437,2024-10-13,P003,Marroni Commerciale,Sud,15.0,210.0,0.0
1438,2024-10-13,P003,Gialli Import Export,Nord Ovest,15.0,210.0,0.15
1439,2024-10-13,P001,Oro Servizi Aziendali,Nord Ovest,5.0,12.5,0.1
1440,2024-10-14,P005,Argento Trading,Isole,8.0,145.0,0.15
1441,2024-10-14,P008,Argento Trading,Sud,15.0,29.0,0.0
1442,2024-10-15,P004,Blu Retail Group,Nord Est,13.0,22.0,0.0
1443,2024-10-15,P008,Verdi Tech Solutions,Nord Ovest,11.0,29.0,0.0
1444,2024-10-16,P005,Neri Forniture Ufficio,Nord Est,10.0,145.0,0.15
1445,2024-10-16,P010,Marroni Commerciale,Sud,14.0,24.0,0.15
1446,2024-10-17,P002,Bianchi Office Spa,Nord Est,7.0,38.0,0.15
1447,2024-10-17,P003,Neri Forniture Ufficio,Nord Ovest,8.0,210.0,0.0
1448,2024-10-18,P007,Gialli Import Export,Centro,4.0,18.0,0.05
1449,2024-10-18,P005,Oro Servizi Aziendali,Nord Ovest,10.0,145.0,0.15
1450,2024-10-19,P006,Rossi Distribuzione Srl,Nord Ovest,12.0,260.0,0.0
1451,2024-10-19,P008,Marroni Commerciale,Isole,5.0,29.0,0.0
1452,2024-10-20,P002,Blu Retail Group,Isole,11.0,38.0,0.0
1453,2024-10-20,P004,Viola Logistica Srl,Nord Est,4.0,22.0,0.0
1454,2024-10-21,P010,Argento Trading,Sud,6.0,24.0,0.05
1455,2024-10-21,P009,Neri Forniture Ufficio,Nord Est,13.0,65.0,0.15
1456,2024-10-21,P010,Bianchi Office Spa,Isole,14.0,24.0,0.2
1457,2024-10-22,P009,Bianchi Office Spa,Isole,12.0,65.0,0.0
1458,2024-10-22,P002,Argento Trading,Isole,1.0,38.0,0.2
1459,2024-10-22,P004,Verdi Tech Solutions,Nord Est,10.0,22.0,0.1
1460,2024-10-23,P009,Neri Forniture Ufficio,Isole,8.0,65.0,0.0
1461,2024-10-23,P008,Viola Logistica Srl,Nord Ovest,2.0,29.0,0.1
1462,2024-10-24,P003,Viola Logistica Srl,Isole,9.0,210.0,0.05
1463,2024-10-24,P001,Gialli Import Export,Nord Ovest,9.0,12.5,0.05
1464,2024-10-24,P007,Rossi Distribuzione Srl,Nord Est,5.0,18.0,0.2
1465,2024-10-27,P006,Argento Trading,Nord Ovest,12.0,260.0,0.0
1466,2024-10-27,P002,Rossi Distribuzione Srl,Centro,15.0,38.0,0.05
1467,2024-10-27,P007,Verdi Tech Solutions,Sud,3.0,18.0,0.2
1468,2024-10-28,P007,Marroni Commerciale,Sud,8.0,18.0,0.2
1469,2024-10-28,P002,Argento Trading,Nord Est,11.0,38.0,0.15
1470,2024-10-29,P002,Marroni Commerciale,Isole,3.0,38.0,0.1
1471,2024-10-29,P003,Rossi Distribuzione Srl,Nord Ovest,12.0,210.0,0.0
1472,2024-10-30,P008,Argento Trading,Sud,11.0,29.0,0.15
1473,2024-10-30,P009,Neri Forniture Ufficio,Nord Est,7.0,65.0,0.2
1474,2024-10-31,P006,Neri Forniture Ufficio,Nord Ovest,3.0,260.0,0.0
1475,2024-10-31,P001,Marroni Commerciale,Isole,13.0,12.5,0.15
1476,2024-10-31,P001,Bianchi Office Spa,Nord Ovest,4.0,12.5,0.0
1477,2024-11-01,P010,Rossi Distribuzione Srl,Nord Est,11.0,24.0,0.15
1478,2024-11-01,P001,Neri Forniture Ufficio,Isole,7.0,12.5,0.05
1479,2024-11-02,P003,Neri Forniture Ufficio,Isole,9.0,210.0,0.0
1480,2024-11-02,P006,Blu Retail Group,Nord Est,10.0,260.0,0.1
1481,2024-11-03,P009,Gialli Import Export,Centro,4.0,65.0,0.05
1482,2024-11-03,P001,Verdi Tech Solutions,Sud,9.0,12.5,0.1
1483,2024-11-03,P009,Blu Retail Group,Sud,8.0,65.0,0.0
1484,2024-11-04,P007,Marroni Commerciale,Nord Est,3.0,18.0,0.0
1485,2024-11-04,P009,Neri Forniture Ufficio,Centro,8.0,65.0,0.0
1486,2024-11-04,P003,Rossi Distribuzione Srl,Isole,13.0,210.0,0.05
1487,2024-11-04,P007,Argento Trading,Nord Est,7.0,18.0,0.1
1488,2024-11-05,P005,Bianchi Office Spa,Sud,4.0,145.0,0.0
1489,2024-11-05,P006,Neri Forniture Ufficio,Nord Ovest,2.0,260.0,0.1
1490,2024-11-05,P005,Oro Servizi Aziendali,Isole,7.0,145.0,0.15
1491,2024-11-05,P001,Neri Forniture Ufficio,Isole,14.0,12.5,0.0
1492,2024-11-06,P004,Gialli Import Export,Nord Ovest,14.0,22.0,0.0
1493,2024-11-06,P004,Bianchi Office Spa,Sud,15.0,22.0,0.0
1494,2024-11-06,P004,Neri Forniture Ufficio,Sud,12.0,22.0,0.1
1495,2024-11-07,P005,Argento Trading,Centro,7.0,145.0,0.05
1496,2024-11-07,P005,Argento Trading,Sud,5.0,145.0,0.0
1497,2024-11-07,P008,Viola Logistica Srl,Centro,2.0,29.0,0.2
1498,2024-11-08,P006,Oro Servizi Aziendali,Nord Est,7.0,260.0,0.0
1499,2024-11-08,P003,Argento Trading,Isole,1.0,210.0,0.0
1500,2024-11-08,P010,Gialli Import Export,Nord Est,12.0,24.0,0.05
1501,2024-11-09,P004,Neri Forniture Ufficio,Sud,7.0,22.0,0.1
1502,2024-11-09,P009,Blu Retail Group,Centro,11.0,65.0,0.15
1503,2024-11-09,P008,Viola Logistica Srl,Sud,12.0,29.0,0.15
1504,2024-11-10,P003,Argento Trading,Sud,3.0,210.0,0.15
1505,2024-11-10,P003,Rossi Distribuzione Srl,Isole,15.0,210.0,0.1
1506,2024-11-10,P001,Bianchi Office Spa,Nord Ovest,14.0,12.5,0.2
1507,2024-11-11,P003,Neri Forniture Ufficio,Nord Ovest,14.0,210.0,0.15
1508,2024-11-11,P003,Argento Trading,Sud,1.0,210.0,0.0
1509,2024-11-12,P010,Oro Servizi Aziendali,Sud,11.0,24.0,0.15
1510,2024-11-12,P008,Argento Trading,Isole,1.0,29.0,0.0
1511,2024-11-12,P007,Argento Trading,Centro,1.0,18.0,0.0
1512,2024-11-13,P009,Marroni Commerciale,Nord Est,14.0,65.0,0.15
1513,2024-11-13,P002,Argento Trading,Nord Est,15.0,38.0,0.0
1514,2024-11-13,P004,Argento Trading,Centro,4.0,22.0,0.1
1515,2024-11-14,P007,Marroni Commerciale,Sud,2.0,18.0,0.0
1516,2024-11-14,P010,Neri Forniture Ufficio,Centro,4.0,24.0,0.15
1517,2024-11-14,P002,Rossi Distribuzione Srl,Nord Ovest,11.0,38.0,0.2
1518,2024-11-14,P007,Argento Trading,Sud,7.0,18.0,0.05
1519,2024-11-15,P003,Marroni Commerciale,Centro,2.0,210.0,0.05
1520,2024-11-16,P004,Oro Servizi Aziendali,Sud,4.0,22.0,0.2
1521,2024-11-17,P002,Argento Trading,Isole,11.0,38.0,0.0
1522,2024-11-17,P001,Blu Retail Group,Nord Ovest,3.0,12.5,0.2
1523,2024-11-17,P004,Marroni Commerciale,Nord Ovest,10.0,22.0,0.0
1524,2024-11-18,P010,Marroni Commerciale,Isole,4.0,24.0,0.1
1525,2024-11-18,P006,Verdi Tech Solutions,Nord Ovest,7.0,260.0,0.2
1526,2024-11-18,P009,Rossi Distribuzione Srl,Nord Ovest,12.0,65.0,0.0
1527,2024-11-19,P002,Oro Servizi Aziendali,Isole,6.0,38.0,0.1
1528,2024-11-19,P007,Rossi Distribuzione Srl,Centro,13.0,18.0,0.0
1529,2024-11-19,P008,Blu Retail Group,Isole,8.0,29.0,0.0
1530,2024-11-19,P007,Oro Servizi Aziendali,Sud,7.0,18.0,0.0
1531,2024-11-20,P004,Bianchi Office Spa,Centro,12.0,22.0,0.0
1532,2024-11-20,P003,Verdi Tech Solutions,Sud,7.0,210.0,0.15
1533,2024-11-21,P002,Gialli Import Export,Sud,2.0,38.0,0.0
1534,2024-11-21,P006,Bianchi Office Spa,Nord Est,13.0,260.0,0.0
1535,2024-11-21,P002,Viola Logistica Srl,Isole,3.0,38.0,0.05
1536,2024-11-21,P009,Bianchi Office Spa,Nord Ovest,9.0,65.0,0.05
1537,2024-11-22,P009,Oro Servizi Aziendali,Centro,2.0,65.0,0.1
1538,2024-11-22,P007,Marroni Commerciale,Sud,1.0,18.0,0.0
1539,2024-11-23,P010,Marroni Commerciale,Nord Est,9.0,24.0,0.0
1540,2024-11-24,P005,Verdi Tech Solutions,Nord Ovest,5.0,145.0,0.05
1541,2024-11-24,P003,Marroni Commerciale,Centro,7.0,210.0,0.0
1542,2024-11-24,P008,Blu Retail Group,Centro,13.0,29.0,0.0
1543,2024-11-25,P010,Viola Logistica Srl,Nord Ovest,10.0,24.0,0.0
1544,2024-11-25,P003,Marroni Commerciale,Centro,5.0,210.0,0.0
1545,2024-11-25,P010,Blu Retail Group,Sud,7.0,24.0,0.2
1546,2024-11-26,P010,Blu Retail Group,Isole,3.0,24.0,0.0
1547,2024-11-26,P004,Verdi Tech Solutions,Sud,8.0,22.0,0.0
1548,2024-11-26,P006,Viola Logistica Srl,Isole,5.0,260.0,0.15
1549,2024-11-26,P004,Gialli Import Export,Sud,6.0,22.0,0.05
1550,2024-11-27,P010,Argento Trading,Nord Est,4.0,24.0,0.1
1551,2024-11-27,P009,Viola Logistica Srl,Nord Est,1.0,65.0,0.15
1552,2024-11-27,P008,Bianchi Office Spa,Sud,13.0,29.0,0.0
1553,2024-11-28,P005,Verdi Tech Solutions,Sud,4.0,145.0,0.0
1554,2024-11-28,P007,Oro Servizi Aziendali,Sud,2.0,18.0,0.05
1555,2024-11-28,P010,Argento Trading,Sud,7.0,24.0,0.1
1556,2024-11-28,P009,Blu Retail Group,Isole,1.0,65.0,0.2
1557,2024-11-29,P004,Blu Retail Group,Nord Est,11.0,22.0,0.15
1558,2024-11-30,P006,Bianchi Office Spa,Nord Ovest,13.0,260.0,0.05
1559,2024-11-30,P002,Argento Trading,Isole,5.0,38.0,0.0
1560,2024-12-01,P006,Oro Servizi Aziendali,Isole,7.0,260.0,0.05
1561,2024-12-01,P003,Viola Logistica Srl,Nord Ovest,6.0,210.0,0.0
1562,2024-12-01,P005,Bianchi Office Spa,Nord Est,7.0,145.0,0.0
1563,2024-12-02,P006,Neri Forniture Ufficio,Isole,8.0,260.0,0.2
1564,2024-12-02,P008,Bianchi Office Spa,Sud,6.0,29.0,0.05
1565,2024-12-02,P008,Gialli Import Export,Nord Ovest,6.0,29.0,0.0
1566,2024-12-02,P002,Blu Retail Group,Nord Ovest,1.0,38.0,0.2
1567,2024-12-03,P009,Verdi Tech Solutions,Centro,3.0,65.0,0.1
1568,2024-12-03,P009,Neri Forniture Ufficio,Sud,7.0,65.0,0.05
1569,2024-12-04,P007,Oro Servizi Aziendali,Nord Est,7.0,18.0,0.0
1570,2024-12-04,P008,Marroni Commerciale,Nord Ovest,10.0,29.0,0.05
1571,2024-12-05,P005,Bianchi Office Spa,Isole,13.0,145.0,0.15
1572,2024-12-05,P002,Argento Trading,Nord Est,13.0,38.0,0.2
1573,2024-12-06,P004,Gialli Import Export,Sud,8.0,22.0,0.0
1574,2024-12-06,P009,Oro Servizi Aziendali,Sud,11.0,65.0,0.0
1575,2024-12-06,P010,Bianchi Office Spa,Centro,7.0,24.0,0.1
1576,2024-12-06,P006,Oro Servizi Aziendali,Nord Est,14.0,260.0,0.05
1577,2024-12-07,P003,Neri Forniture Ufficio,Centro,6.0,210.0,0.0
1578,2024-12-07,P002,Verdi Tech Solutions,Isole,3.0,38.0,0.0
1579,2024-12-07,P007,Verdi Tech Solutions,Isole,7.0,18.0,0.1
1580,2024-12-08,P003,Argento Trading,Nord Est,8.0,210.0,0.15
1581,2024-12-08,P009,Gialli Import Export,Nord Est,3.0,65.0,0.05
1582,2024-12-08,P003,Viola Logistica Srl,Isole,6.0,210.0,0.2
1583,2024-12-08,P001,Rossi Distribuzione Srl,Sud,14.0,12.5,0.0
1584,2024-12-08,P003,Marroni Commerciale,Isole,4.0,210.0,0.2
1585,2024-12-09,P008,Viola Logistica Srl,Sud,7.0,29.0,0.15
1586,2024-12-09,P003,Rossi Distribuzione Srl,Nord Est,2.0,210.0,0.1
1587,2024-12-09,P005,Neri Forniture Ufficio,Isole,1.0,145.0,0.0
1588,2024-12-09,P005,Viola Logistica Srl,Isole,3.0,145.0,0.2
1589,2024-12-09,P008,Bianchi Office Spa,Isole,9.0,29.0,0.1
1590,2024-12-10,P009,Argento Trading,Nord Ovest,14.0,65.0,0.0
1591,2024-12-10,P008,Marroni Commerciale,Nord Ovest,9.0,29.0,0.0
1592,2024-12-11,P001,Blu Retail Group,Nord Ovest,8.0,12.5,0.0
1593,2024-12-11,P008,Neri Forniture Ufficio,Nord Est,14.0,29.0,0.0
1594,2024-12-11,P010,Oro Servizi Aziendali,Sud,12.0,24.0,0.0
1595,2024-12-12,P004,Rossi Distribuzione Srl,Isole,14.0,22.0,0.0
1596,2024-12-12,P006,Oro Servizi Aziendali,Isole,9.0,260.0,0.0
1597,2024-12-13,P005,Gialli Import Export,Isole,5.0,145.0,0.1
1598,2024-12-13,P002,Marroni Commerciale,Nord Ovest,3.0,38.0,0.2
1599,2024-12-13,P005,Verdi Tech Solutions,Nord Est,14.0,145.0,0.15
1600,2024-12-14,P006,Marroni Commerciale,Sud,14.0,260.0,0.0
1601,2024-12-14,P003,Gialli Import Export,Sud,10.0,210.0,0.15
1602,2024-12-15,P002,Bianchi Office Spa,Sud,11.0,38.0,0.2
1603,2024-12-15,P009,Blu Retail Group,Sud,12.0,65.0,0.0
1604,2024-12-15,P008,Rossi Distribuzione Srl,Nord Ovest,6.0,29.0,0.1
1605,2024-12-15,P008,Blu Retail Group,Nord Ovest,11.0,29.0,0.15
1606,2024-12-15,P009,Marroni Commerciale,Nord Est,7.0,65.0,0.0
1607,2024-12-16,P006,Blu Retail Group,Isole,14.0,260.0,0.0
1608,2024-12-16,P010,Viola Logistica Srl,Centro,3.0,24.0,0.1
1609,2024-12-16,P001,Viola Logistica Srl,Nord Ovest,1.0,12.5,0.0
1610,2024-12-16,P002,Verdi Tech Solutions,Sud,15.0,38.0,0.2
1611,2024-12-16,P008,Neri Forniture Ufficio,Nord Est,1.0,29.0,0.05
1612,2024-12-17,P005,Blu Retail Group,Centro,2.0,145.0,0.15
1613,2024-12-17,P002,Verdi Tech Solutions,Nord Ovest,6.0,38.0,0.15
1614,2024-12-17,P007,Neri Forniture Ufficio,Sud,11.0,18.0,0.0
1615,2024-12-18,P001,Bianchi Office Spa,Nord Est,4.0,12.5,0.05
1616,2024-12-19,P001,Blu Retail Group,Nord Ovest,1.0,12.5,0.15
1617,2024-12-19,P007,Viola Logistica Srl,Nord Ovest,12.0,18.0,0.0
1618,2024-12-19,P004,Bianchi Office Spa,Nord Ovest,7.0,22.0,0.0
1619,2024-12-20,P005,Verdi Tech Solutions,Nord Est,3.0,145.0,0.05
1620,2024-12-20,P002,Rossi Distribuzione Srl,Isole,9.0,38.0,0.1
1621,2024-12-20,P003,Neri Forniture Ufficio,Nord Est,8.0,210.0,0.0
1622,2024-12-20,P007,Viola Logistica Srl,Nord Est,10.0,18.0,0.15
1623,2024-12-21,P003,Oro Servizi Aziendali,Sud,13.0,210.0,0.0
1624,2024-12-22,P006,Neri Forniture Ufficio,Centro,13.0,260.0,0.0
1625,2024-12-22,P002,Oro Servizi Aziendali,Isole,4.0,38.0,0.1
1626,2024-12-22,P010,Rossi Distribuzione Srl,Centro,5.0,24.0,0.2
1627,2024-12-22,P004,Argento Trading,Nord Est,9.0,22.0,0.1
1628,2024-12-23,P001,Neri Forniture Ufficio,Sud,13.0,12.5,0.2
1629,2024-12-23,P007,Viola Logistica Srl,Isole,2.0,18.0,0.0
1630,2024-12-23,P002,Blu Retail Group,Centro,9.0,38.0,0.0
1631,2024-12-23,P003,Oro Servizi Aziendali,Sud,7.0,210.0,0.2
1632,2024-12-23,P006,Verdi Tech Solutions,Sud,9.0,260.0,0.15
1633,2024-12-24,P010,Gialli Import Export,Nord Est,2.0,24.0,0.0
1634,2024-12-25,P007,Argento Trading,Sud,9.0,18.0,0.0
1635,2024-12-26,P002,Argento Trading,Isole,11.0,38.0,0.1
1636,2024-12-26,P003,Gialli Import Export,Nord Ovest,5.0,210.0,0.0
1637,2024-12-26,P009,Verdi Tech Solutions,Isole,15.0,65.0,0.0
1638,2024-12-26,P006,Bianchi Office Spa,Centro,7.0,260.0,0.1
1639,2024-12-26,P007,Neri Forniture Ufficio,Nord Ovest,12.0,18.0,0.2
1640,2024-12-27,P007,Oro Servizi Aziendali,Isole,2.0,18.0,0.05
1641,2024-12-27,P001,Verdi Tech Solutions,Nord Ovest,5.0,12.5,0.15
1642,2024-12-28,P001,Blu Retail Group,Isole,3.0,12.5,0.05
1643,2024-12-29,P006,Gialli Import Export,Nord Ovest,3.0,260.0,0.15
1644,2024-12-29,P001,Marroni Commerciale,Centro,6.0,12.5,0.2
1645,2024-12-29,P009,Oro Servizi Aziendali,Nord Ovest,2.0,65.0,0.0
1646,2024-12-30,P009,Viola Logistica Srl,Isole,6.0,65.0,0.0
1647,2024-12-30,P003,Gialli Import Export,Nord Ovest,6.0,210.0,0.0
1648,2024-12-30,P010,Bianchi Office Spa,Nord Est,11.0,24.0,0.15
1649,2024-12-30,P009,Rossi Distribuzione Srl,Nord Est,1.0,65.0,0.0
1650,2024-12-30,P001,Marroni Commerciale,Nord Est,8.0,12.5,0.0
1651,2024-12-31,P009,Marroni Commerciale,Nord Est,13.0,65.0,0.15
1652,2024-12-31,P006,Blu Retail Group,Centro,4.0,260.0,0.05
1653,2025-01-02,P002,Rossi Distribuzione Srl,Nord Est,9.0,38.0,0.15
1654,2025-01-02,P004,Rossi Distribuzione Srl,Sud,13.0,22.0,0.1
1655,2025-01-04,P005,Gialli Import Export,Centro,13.0,145.0,0.2
1656,2025-01-04,P002,Rossi Distribuzione Srl,Centro,9.0,38.0,0.05
1657,2025-01-04,P004,Gialli Import Export,Isole,5.0,22.0,0.1
1658,2025-01-05,P008,Viola Logistica Srl,Nord Est,6.0,29.0,0.1
1659,2025-01-06,P003,Rossi Distribuzione Srl,Nord Est,1.0,210.0,0.05
1660,2025-01-07,P001,Marroni Commerciale,Centro,6.0,12.5,0.0
1661,2025-01-07,P002,Neri Forniture Ufficio,Sud,4.0,38.0,0.1
1662,2025-01-08,P001,Gialli Import Export,Nord Ovest,3.0,12.5,0.15
1663,2025-01-08,P001,Argento Trading,Sud,15.0,12.5,0.0
1664,2025-01-08,P006,Bianchi Office Spa,Isole,8.0,260.0,0.15
1665,2025-01-10,P007,Oro Servizi Aziendali,Nord Ovest,2.0,18.0,0.1
1666,2025-01-11,P003,Gialli Import Export,Centro,4.0,210.0,0.0
1667,2025-01-11,P007,Blu Retail Group,Centro,12.0,18.0,0.2
1668,2025-01-11,P008,Bianchi Office Spa,Nord Est,5.0,29.0,0.0
1669,2025-01-12,P010,Bianchi Office Spa,Nord Est,2.0,24.0,0.0
1670,2025-01-13,P008,Bianchi Office Spa,Isole,6.0,29.0,0.05
1671,2025-01-13,P006,Viola Logistica Srl,Centro,13.0,260.0,0.0
1672,2025-01-13,P008,Bianchi Office Spa,Nord Ovest,5.0,29.0,0.2
1673,2025-01-14,P005,Oro Servizi Aziendali,Nord Ovest,14.0,145.0,0.15
1674,2025-01-15,P006,Neri Forniture Ufficio,Centro,3.0,260.0,0.0
1675,2025-01-16,P009,Gialli Import Export,Centro,1.0,65.0,0.15
1676,2025-01-16,P003,Viola Logistica Srl,Isole,1.0,210.0,0.05
1677,2025-01-16,P009,Viola Logistica Srl,Nord Ovest,4.0,65.0,0.0
1678,2025-01-17,P002,Neri Forniture Ufficio,Nord Est,1.0,38.0,0.0
1679,2025-01-18,P007,Bianchi Office Spa,Isole,6.0,18.0,0.15
1680,2025-01-19,P002,Neri Forniture Ufficio,Sud,1.0,38.0,0.0
1681,2025-01-19,P003,Blu Retail Group,Nord Ovest,2.0,210.0,0.2
1682,2025-01-21,P001,Marroni Commerciale,Sud,3.0,12.5,0.1
1683,2025-01-21,P008,Marroni Commerciale,Nord Est,1.0,29.0,0.05
1684,2025-01-21,P006,Gialli Import Export,Centro,4.0,260.0,0.0
1685,2025-01-22,P003,Oro Servizi Aziendali,Isole,1.0,210.0,0.1
1686,2025-01-22,P004,Viola Logistica Srl,Sud,11.0,22.0,0.0
1687,2025-01-22,P009,Bianchi Office Spa,Centro,8.0,65.0,0.0
1688,2025-01-23,P003,Argento Trading,Nord Est,7.0,210.0,0.0
1689,2025-01-23,P009,Marroni Commerciale,Centro,13.0,65.0,0.0
1690,2025-01-23,P008,Viola Logistica Srl,Centro,9.0,29.0,0.2
1691,2025-01-24,P007,Rossi Distribuzione Srl,Centro,5.0,18.0,0.0
1692,2025-01-24,P010,Gialli Import Export,Nord Ovest,4.0,24.0,0.0
1693,2025-01-25,P009,Oro Servizi Aziendali,Nord Est,6.0,65.0,0.2
1694,2025-01-25,P003,Neri Forniture Ufficio,Centro,2.0,210.0,0.0
1695,2025-01-25,P009,Rossi Distribuzione Srl,Nord Est,14.0,65.0,0.2
1696,2025-01-26,P006,Verdi Tech Solutions,Nord Est,15.0,260.0,0.2
1697,2025-01-26,P004,Blu Retail Group,Isole,10.0,22.0,0.0
1698,2025-01-26,P001,Blu Retail Group,Isole,12.0,12.5,0.15
1699,2025-01-27,P010,Viola Logistica Srl,Isole,4.0,24.0,0.2
1700,2025-01-28,P003,Bianchi Office Spa,Nord Ovest,8.0,210.0,0.0
1701,2025-01-28,P004,Rossi Distribuzione Srl,Isole,10.0,22.0,0.0
1702,2025-01-29,P001,Neri Forniture Ufficio,Nord Est,6.0,12.5,0.1
1703,2025-01-29,P006,Blu Retail Group,Nord Ovest,12.0,260.0,0.0
1704,2025-01-29,P001,Verdi Tech Solutions,Nord Ovest,3.0,12.5,0.1
1705,2025-01-30,P002,Marroni Commerciale,Isole,6.0,38.0,0.15
1706,2025-01-30,P002,Blu Retail Group,Nord Est,6.0,38.0,0.0
1707,2025-01-31,P007,Viola Logistica Srl,Centro,13.0,18.0,0.15
1708,2025-02-01,P009,Blu Retail Group,Nord Est,12.0,65.0,0.1
1709,2025-02-02,P007,Gialli Import Export,Nord Est,5.0,18.0,0.15
1710,2025-02-03,P001,Marroni Commerciale,Isole,12.0,12.5,0.1
1711,2025-02-05,P010,Oro Servizi Aziendali,Nord Est,6.0,24.0,0.2
1712,2025-02-07,P003,Bianchi Office Spa,Nord Est,6.0,210.0,0.15
1713,2025-02-07,P006,Bianchi Office Spa,Centro,6.0,260.0,0.0
1714,2025-02-07,P008,Neri Forniture Ufficio,Nord Est,1.0,29.0,0.0
1715,2025-02-09,P005,Rossi Distribuzione Srl,Nord Ovest,13.0,145.0,0.0
1716,2025-02-09,P007,Marroni Commerciale,Nord Est,8.0,18.0,0.15
1717,2025-02-10,P008,Blu Retail Group,Isole,15.0,29.0,0.05
1718,2025-02-10,P007,Viola Logistica Srl,Isole,2.0,18.0,0.2
1719,2025-02-10,P004,Bianchi Office Spa,Nord Ovest,3.0,22.0,0.05
1720,2025-02-11,P001,Bianchi Office Spa,Nord Ovest,6.0,12.5,0.0
1721,2025-02-11,P006,Verdi Tech Solutions,Nord Ovest,3.0,260.0,0.05
1722,2025-02-13,P010,Rossi Distribuzione Srl,Sud,10.0,24.0,0.05
1723,2025-02-13,P003,Verdi Tech Solutions,Nord Ovest,10.0,210.0,0.05
1724,2025-02-15,P004,Argento Trading,Isole,4.0,22.0,0.05
1725,2025-02-15,P005,Gialli Import Export,Nord Est,11.0,145.0,0.0
1726,2025-02-18,P010,Viola Logistica Srl,Nord Est,9.0,24.0,0.2
1727,2025-02-18,P001,Marroni Commerciale,Nord Ovest,6.0,12.5,0.0
1728,2025-02-18,P005,Oro Servizi Aziendali,Sud,14.0,145.0,0.15
1729,2025-02-19,P002,Verdi Tech Solutions,Centro,1.0,38.0,0.0
1730,2025-02-21,P002,Marroni Commerciale,Sud,5.0,38.0,0.2
1731,2025-02-21,P008,Gialli Import Export,Nord Ovest,15.0,29.0,0.15
1732,2025-02-21,P009,Blu Retail Group,Sud,7.0,65.0,0.0
1733,2025-02-22,P003,Gialli Import Export,Sud,8.0,210.0,0.0
1734,2025-02-22,P008,Gialli Import Export,Isole,5.0,29.0,0.0
1735,2025-02-24,P002,Blu Retail Group,Isole,2.0,38.0,0.15
1736,2025-02-25,P010,Rossi Distribuzione Srl,Sud,4.0,24.0,0.1
1737,2025-02-25,P009,Viola Logistica Srl,Isole,7.0,65.0,0.1
1738,2025-02-25,P004,Bianchi Office Spa,Sud,8.0,22.0,0.0
1739,2025-02-27,P002,Verdi Tech Solutions,Nord Est,13.0,38.0,0.05
1740,2025-02-28,P004,Marroni Commerciale,Nord Ovest,3.0,22.0,0.0
1741,2025-03-01,P004,Verdi Tech Solutions,Isole,14.0,22.0,0.15
1742,2025-03-01,P005,Bianchi Office Spa,Nord Ovest,6.0,145.0,0.15
1743,2025-03-01,P007,Argento Trading,Centro,9.0,18.0,0.05
1744,2025-03-02,P009,Rossi Distribuzione Srl,Isole,8.0,65.0,0.2
1745,2025-03-02,P010,Marroni Commerciale,Nord Ovest,9.0,24.0,0.2
1746,2025-03-03,P003,Oro Servizi Aziendali,Isole,3.0,210.0,0.1
1747,2025-03-03,P002,Oro Servizi Aziendali,Nord Ovest,15.0,38.0,0.0
1748,2025-03-03,P005,Blu Retail Group,Sud,14.0,145.0,0.1
1749,2025-03-04,P007,Oro Servizi Aziendali,Isole,11.0,18.0,0.05
1750,2025-03-04,P008,Gialli Import Export,Sud,1.0,29.0,0.0
1751,2025-03-05,P010,Marroni Commerciale,Nord Ovest,10.0,24.0,0.15
1752,2025-03-06,P006,Rossi Distribuzione Srl,Sud,12.0,260.0,0.0
1753,2025-03-06,P005,Rossi Distribuzione Srl,Centro,15.0,145.0,0.0
1754,2025-03-06,P005,Viola Logistica Srl,Nord Ovest,5.0,145.0,0.0
1755,2025-03-07,P003,Viola Logistica Srl,Centro,5.0,210.0,0.15
1756,2025-03-08,P007,Bianchi Office Spa,Nord Est,10.0,18.0,0.15
1757,2025-03-08,P008,Marroni Commerciale,Sud,4.0,29.0,0.2
1758,2025-03-09,P001,Verdi Tech Solutions,Nord Ovest,9.0,12.5,0.2
1759,2025-03-09,P005,Marroni Commerciale,Nord Est,12.0,145.0,0.1
1760,2025-03-11,P004,Neri Forniture Ufficio,Nord Ovest,15.0,22.0,0.2
1761,2025-03-12,P001,Blu Retail Group,Nord Est,8.0,12.5,0.0
1762,2025-03-13,P006,Argento Trading,Sud,14.0,260.0,0.05
1763,2025-03-13,P002,Neri Forniture Ufficio,Centro,11.0,38.0,0.0
1764,2025-03-14,P010,Viola Logistica Srl,Isole,8.0,24.0,0.0
1765,2025-03-14,P009,Verdi Tech Solutions,Centro,6.0,65.0,0.0
1766,2025-03-14,P002,Marroni Commerciale,Nord Ovest,5.0,38.0,0.0
1767,2025-03-15,P010,Neri Forniture Ufficio,Nord Est,13.0,24.0,0.0
1768,2025-03-16,P005,Argento Trading,Nord Ovest,11.0,145.0,0.05
1769,2025-03-18,P003,Oro Servizi Aziendali,Nord Ovest,11.0,210.0,0.0
1770,2025-03-18,P004,Gialli Import Export,Centro,5.0,22.0,0.1
1771,2025-03-18,P007,Blu Retail Group,Sud,15.0,18.0,0.05
1772,2025-03-19,P004,Argento Trading,Isole,8.0,22.0,0.0
1773,2025-03-19,P007,Rossi Distribuzione Srl,Isole,10.0,18.0,0.0
1774,2025-03-20,P009,Oro Servizi Aziendali,Centro,11.0,65.0,0.1
1775,2025-03-20,P005,Viola Logistica Srl,Nord Ovest,11.0,145.0,0.0
1776,2025-03-21,P005,Gialli Import Export,Centro,11.0,145.0,0.0
1777,2025-03-21,P005,Argento Trading,Nord Est,4.0,145.0,0.0
1778,2025-03-23,P006,Rossi Distribuzione Srl,Sud,11.0,260.0,0.0
1779,2025-03-23,P005,Marroni Commerciale,Sud,5.0,145.0,0.05
1780,2025-03-23,P001,Oro Servizi Aziendali,Nord Est,10.0,12.5,0.15
1781,2025-03-24,P004,Viola Logistica Srl,Centro,11.0,22.0,0.1
1782,2025-03-24,P009,Verdi Tech Solutions,Isole,5.0,65.0,0.2
1783,2025-03-25,P005,Verdi Tech Solutions,Centro,2.0,145.0,0.05
1784,2025-03-26,P006,Neri Forniture Ufficio,Centro,11.0,260.0,0.0
1785,2025-03-27,P005,Blu Retail Group,Centro,7.0,145.0,0.2
1786,2025-03-28,P010,Bianchi Office Spa,Sud,5.0,24.0,0.05
1787,2025-03-28,P001,Oro Servizi Aziendali,Isole,14.0,12.5,0.15
1788,2025-03-30,P004,Marroni Commerciale,Isole,9.0,22.0,0.0
1789,2025-03-30,P005,Verdi Tech Solutions,Nord Est,7.0,145.0,0.0
1790,2025-03-30,P004,Oro Servizi Aziendali,Sud,6.0,22.0,0.05
1791,2025-03-31,P006,Verdi Tech Solutions,Nord Ovest,14.0,260.0,0.15
1792,2025-04-01,P006,Blu Retail Group,Nord Ovest,11.0,260.0,0.0
1793,2025-04-01,P001,Neri Forniture Ufficio,Nord Est,8.0,12.5,0.0
1794,2025-04-01,P010,Viola Logistica Srl,Nord Ovest,13.0,24.0,0.0
1795,2025-04-02,P010,Marroni Commerciale,Sud,7.0,24.0,0.15
1796,2025-04-03,P008,Rossi Distribuzione Srl,Isole,7.0,29.0,0.0
1797,2025-04-03,P004,Rossi Distribuzione Srl,Centro,12.0,22.0,0.0
1798,2025-04-03,P009,Rossi Distribuzione Srl,Nord Est,4.0,65.0,0.0
1799,2025-04-04,P006,Bianchi Office Spa,Sud,5.0,260.0,0.0
1800,2025-04-05,P003,Rossi Distribuzione Srl,Centro,2.0,210.0,0.2
1801,2025-04-05,P005,Argento Trading,Isole,8.0,145.0,0.15
1802,2025-04-06,P007,Verdi Tech Solutions,Centro,15.0,18.0,0.15
1803,2025-04-06,P008,Neri Forniture Ufficio,Nord Est,6.0,29.0,0.2
1804,2025-04-07,P001,Verdi Tech Solutions,Nord Est,4.0,12.5,0.0
1805,2025-04-07,P001,Verdi Tech Solutions,Nord Ovest,10.0,12.5,0.1
1806,2025-04-07,P006,Rossi Distribuzione Srl,Sud,12.0,260.0,0.15
1807,2025-04-08,P009,Oro Servizi Aziendali,Nord Ovest,10.0,65.0,0.0
1808,2025-04-08,P002,Rossi Distribuzione Srl,Nord Ovest,11.0,38.0,0.2
1809,2025-04-10,P008,Argento Trading,Centro,7.0,29.0,0.0
1810,2025-04-10,P008,Neri Forniture Ufficio,Nord Ovest,12.0,29.0,0.0
1811,2025-04-10,P005,Bianchi Office Spa,Isole,7.0,145.0,0.15
1812,2025-04-11,P010,Verdi Tech Solutions,Sud,10.0,24.0,0.15
1813,2025-04-11,P002,Oro Servizi Aziendali,Nord Ovest,9.0,38.0,0.15
1814,2025-04-12,P002,Viola Logistica Srl,Nord Est,13.0,38.0,0.0
1815,2025-04-12,P010,Gialli Import Export,Isole,4.0,24.0,0.2
1816,2025-04-13,P006,Gialli Import Export,Nord Est,12.0,260.0,0.05
1817,2025-04-15,P004,Blu Retail Group,Nord Est,12.0,22.0,0.05
1818,2025-04-15,P001,Bianchi Office Spa,Nord Ovest,1.0,12.5,0.15
1819,2025-04-15,P010,Verdi Tech Solutions,Nord Ovest,11.0,24.0,0.05
1820,2025-04-18,P004,Gialli Import Export,Sud,8.0,22.0,0.0
1821,2025-04-18,P001,Verdi Tech Solutions,Nord Ovest,2.0,12.5,0.2
1822,2025-04-19,P006,Blu Retail Group,Sud,13.0,260.0,0.15
1823,2025-04-19,P002,Rossi Distribuzione Srl,Nord Ovest,2.0,38.0,0.2
1824,2025-04-20,P003,Viola Logistica Srl,Isole,6.0,210.0,0.0
1825,2025-04-21,P002,Blu Retail Group,Nord Est,6.0,38.0,0.2
1826,2025-04-21,P002,Viola Logistica Srl,Centro,7.0,38.0,0.05
1827,2025-04-22,P008,Verdi Tech Solutions,Nord Ovest,13.0,29.0,0.05
1828,2025-04-22,P003,Rossi Distribuzione Srl,Nord Est,12.0,210.0,0.15
1829,2025-04-22,P002,Viola Logistica Srl,Isole,7.0,38.0,0.1
1830,2025-04-23,P003,Blu Retail Group,Isole,10.0,210.0,0.05
1831,2025-04-23,P001,Verdi Tech Solutions,Sud,14.0,12.5,0.15
1832,2025-04-23,P008,Viola Logistica Srl,Nord Ovest,2.0,29.0,0.05
1833,2025-04-25,P006,Argento Trading,Isole,1.0,260.0,0.15
1834,2025-04-25,P010,Blu Retail Group,Isole,4.0,24.0,0.15
1835,2025-04-27,P004,Marroni Commerciale,Nord Est,8.0,22.0,0.0
1836,2025-04-27,P009,Rossi Distribuzione Srl,Nord Ovest,15.0,65.0,0.1
1837,2025-04-27,P003,Viola Logistica Srl,Sud,9.0,210.0,0.2
1838,2025-04-28,P002,Blu Retail Group,Nord Est,13.0,38.0,0.05
1839,2025-04-29,P005,Neri Forniture Ufficio,Isole,1.0,145.0,0.1
1840,2025-04-29,P007,Neri Forniture Ufficio,Nord Ovest,7.0,18.0,0.2
1841,2025-04-30,P008,Viola Logistica Srl,Nord Ovest,13.0,29.0,0.1
1842,2025-04-30,P008,Bianchi Office Spa,Sud,8.0,29.0,0.0
1843,2025-04-30,P001,Marroni Commerciale,Nord Ovest,2.0,12.5,0.05
1844,2025-05-03,P009,Viola Logistica Srl,Centro,9.0,65.0,0.0
1845,2025-05-03,P006,Neri Forniture Ufficio,Sud,14.0,260.0,0.0
1846,2025-05-04,P009,Oro Servizi Aziendali,Sud,13.0,65.0,0.1
1847,2025-05-04,P006,Bianchi Office Spa,Nord Ovest,12.0,260.0,0.05
1848,2025-05-05,P001,Gialli Import Export,Isole,6.0,12.5,0.0
1849,2025-05-06,P002,Viola Logistica Srl,Nord Est,1.0,38.0,0.0
1850,2025-05-06,P007,Oro Servizi Aziendali,Nord Est,2.0,18.0,0.0
1851,2025-05-07,P002,Marroni Commerciale,Nord Est,15.0,38.0,0.2
1852,2025-05-08,P004,Bianchi Office Spa,Sud,12.0,22.0,0.0
1853,2025-05-08,P001,Oro Servizi Aziendali,Nord Ovest,15.0,12.5,0.15
1854,2025-05-08,P008,Oro Servizi Aziendali,Isole,8.0,29.0,0.15
1855,2025-05-09,P008,Rossi Distribuzione Srl,Isole,1.0,29.0,0.1
1856,2025-05-10,P010,Verdi Tech Solutions,Isole,8.0,24.0,0.1
1857,2025-05-10,P003,Verdi Tech Solutions,Nord Ovest,12.0,210.0,0.2
1858,2025-05-10,P007,Oro Servizi Aziendali,Centro,11.0,18.0,0.1
1859,2025-05-11,P007,Neri Forniture Ufficio,Centro,10.0,18.0,0.15
1860,2025-05-11,P007,Viola Logistica Srl,Nord Est,6.0,18.0,0.0
1861,2025-05-11,P003,Argento Trading,Centro,7.0,210.0,0.1
1862,2025-05-12,P009,Neri Forniture Ufficio,Nord Est,11.0,65.0,0.0
1863,2025-05-12,P010,Blu Retail Group,Nord Est,12.0,24.0,0.0
1864,2025-05-13,P009,Blu Retail Group,Nord Ovest,9.0,65.0,0.15
1865,2025-05-14,P009,Oro Servizi Aziendali,Sud,8.0,65.0,0.1
1866,2025-05-14,P009,Marroni Commerciale,Nord Ovest,5.0,65.0,0.2
1867,2025-05-17,P003,Rossi Distribuzione Srl,Nord Est,1.0,210.0,0.15
1868,2025-05-17,P005,Verdi Tech Solutions,Centro,13.0,145.0,0.2
1869,2025-05-17,P005,Rossi Distribuzione Srl,Centro,3.0,145.0,0.2
1870,2025-05-18,P009,Viola Logistica Srl,Nord Ovest,1.0,65.0,0.0
1871,2025-05-19,P009,Argento Trading,Centro,7.0,65.0,0.0
1872,2025-05-21,P007,Blu Retail Group,Isole,7.0,18.0,0.2
1873,2025-05-21,P001,Gialli Import Export,Nord Est,1.0,12.5,0.15
1874,2025-05-21,P010,Viola Logistica Srl,Nord Est,14.0,24.0,0.2
1875,2025-05-22,P010,Oro Servizi Aziendali,Nord Est,9.0,24.0,0.15
1876,2025-05-22,P004,Verdi Tech Solutions,Nord Ovest,5.0,22.0,0.05
1877,2025-05-23,P003,Bianchi Office Spa,Sud,12.0,210.0,0.1
1878,2025-05-25,P005,Verdi Tech Solutions,Nord Est,9.0,145.0,0.0
1879,2025-05-25,P010,Rossi Distribuzione Srl,Centro,14.0,24.0,0.0
1880,2025-05-25,P008,Rossi Distribuzione Srl,Nord Est,12.0,29.0,0.0
1881,2025-05-26,P010,Oro Servizi Aziendali,Centro,1.0,24.0,0.2
1882,2025-05-26,P008,Argento Trading,Centro,13.0,29.0,0.1
1883,2025-05-28,P009,Argento Trading,Nord Ovest,4.0,65.0,0.0
1884,2025-05-28,P009,Argento Trading,Isole,3.0,65.0,0.05
1885,2025-05-29,P002,Neri Forniture Ufficio,Centro,6.0,38.0,0.0
1886,2025-05-29,P006,Neri Forniture Ufficio,Isole,6.0,260.0,0.0
1887,2025-05-29,P009,Rossi Distribuzione Srl,Nord Ovest,8.0,65.0,0.1
1888,2025-05-30,P008,Oro Servizi Aziendali,Isole,4.0,29.0,0.15
1889,2025-05-30,P004,Blu Retail Group,Sud,1.0,22.0,0.15
1890,2025-06-01,P005,Gialli Import Export,Nord Ovest,9.0,145.0,0.15
1891,2025-06-01,P009,Blu Retail Group,Isole,14.0,65.0,0.2
1892,2025-06-01,P009,Rossi Distribuzione Srl,Centro,8.0,65.0,0.05
1893,2025-06-02,P006,Bianchi Office Spa,Nord Est,9.0,260.0,0.0
1894,2025-06-05,P004,Marroni Commerciale,Nord Ovest,14.0,22.0,0.15
1895,2025-06-06,P009,Marroni Commerciale,Nord Ovest,14.0,65.0,0.15
1896,2025-06-07,P001,Blu Retail Group,Nord Ovest,8.0,12.5,0.15
1897,2025-06-11,P005,Oro Servizi Aziendali,Nord Est,9.0,145.0,0.0
1898,2025-06-12,P007,Marroni Commerciale,Sud,7.0,18.0,0.05
1899,2025-06-12,P006,Bianchi Office Spa,Isole,1.0,260.0,0.05
1900,2025-06-17,P009,Gialli Import Export,Isole,2.0,65.0,0.0
1901,2025-06-17,P002,Viola Logistica Srl,Sud,5.0,38.0,0.2
1902,2025-06-18,P001,Argento Trading,Nord Est,8.0,12.5,0.0
1903,2025-06-18,P003,Argento Trading,Centro,12.0,210.0,0.05
1904,2025-06-18,P003,Blu Retail Group,Nord Ovest,5.0,210.0,0.15
1905,2025-06-19,P002,Oro Servizi Aziendali,Isole,1.0,38.0,0.0
1906,2025-06-20,P009,Gialli Import Export,Nord Est,9.0,65.0,0.0
1907,2025-06-20,P006,Argento Trading,Nord Est,4.0,260.0,0.05
1908,2025-06-20,P003,Oro Servizi Aziendali,Centro,3.0,210.0,0.0
1909,2025-06-21,P002,Oro Servizi Aziendali,Nord Ovest,3.0,38.0,0.15
1910,2025-06-22,P009,Bianchi Office Spa,Centro,2.0,65.0,0.0
1911,2025-06-22,P002,Oro Servizi Aziendali,Sud,4.0,38.0,0.15
1912,2025-06-22,P006,Neri Forniture Ufficio,Nord Ovest,6.0,260.0,0.0
1913,2025-06-23,P010,Blu Retail Group,Sud,2.0,24.0,0.0
1914,2025-06-23,P008,Gialli Import Export,Isole,6.0,29.0,0.1
1915,2025-06-24,P010,Blu Retail Group,Sud,10.0,24.0,0.0
1916,2025-06-25,P001,Neri Forniture Ufficio,Sud,6.0,12.5,0.0
1917,2025-06-26,P006,Blu Retail Group,Sud,3.0,260.0,0.15
1918,2025-06-26,P008,Gialli Import Export,Sud,8.0,29.0,0.0
1919,2025-06-28,P010,Gialli Import Export,Nord Est,2.0,24.0,0.2
1920,2025-06-29,P005,Bianchi Office Spa,Nord Ovest,12.0,145.0,0.15
1921,2025-07-02,P010,Argento Trading,Centro,4.0,24.0,0.0
1922,2025-07-02,P009,Viola Logistica Srl,Nord Est,15.0,65.0,0.1
1923,2025-07-02,P006,Oro Servizi Aziendali,Centro,7.0,260.0,0.0
1924,2025-07-03,P008,Bianchi Office Spa,Sud,9.0,29.0,0.1
1925,2025-07-04,P009,Neri Forniture Ufficio,Isole,1.0,65.0,0.15
1926,2025-07-04,P003,Verdi Tech Solutions,Sud,13.0,210.0,0.1
1927,2025-07-05,P003,Verdi Tech Solutions,Sud,10.0,210.0,0.1
1928,2025-07-06,P001,Viola Logistica Srl,Nord Est,4.0,12.5,0.2
1929,2025-07-06,P002,Neri Forniture Ufficio,Nord Ovest,5.0,38.0,0.0
1930,2025-07-07,P009,Blu Retail Group,Sud,15.0,65.0,0.2
1931,2025-07-08,P008,Rossi Distribuzione Srl,Centro,15.0,29.0,0.0
1932,2025-07-08,P002,Gialli Import Export,Centro,12.0,38.0,0.1
1933,2025-07-08,P010,Verdi Tech Solutions,Sud,9.0,24.0,0.1
1934,2025-07-09,P006,Bianchi Office Spa,Isole,10.0,260.0,0.15
1935,2025-07-09,P005,Argento Trading,Sud,7.0,145.0,0.0
1936,2025-07-09,P006,Blu Retail Group,Sud,14.0,260.0,0.2
1937,2025-07-10,P010,Verdi Tech Solutions,Sud,1.0,24.0,0.1
1938,2025-07-10,P003,Argento Trading,Centro,4.0,210.0,0.0
1939,2025-07-10,P004,Verdi Tech Solutions,Centro,3.0,22.0,0.0
1940,2025-07-12,P007,Bianchi Office Spa,Sud,13.0,18.0,0.0
1941,2025-07-13,P008,Verdi Tech Solutions,Sud,4.0,29.0,0.1
1942,2025-07-13,P001,Verdi Tech Solutions,Isole,4.0,12.5,0.0
1943,2025-07-13,P010,Argento Trading,Nord Ovest,3.0,24.0,0.0
1944,2025-07-14,P001,Verdi Tech Solutions,Isole,3.0,12.5,0.0
1945,2025-07-15,P010,Rossi Distribuzione Srl,Centro,10.0,24.0,0.15
1946,2025-07-15,P002,Oro Servizi Aziendali,Sud,4.0,38.0,0.05
1947,2025-07-15,P008,Marroni Commerciale,Isole,3.0,29.0,0.0
1948,2025-07-16,P010,Verdi Tech Solutions,Isole,14.0,24.0,0.2
1949,2025-07-17,P003,Blu Retail Group,Sud,12.0,210.0,0.15
1950,2025-07-17,P010,Neri Forniture Ufficio,Sud,10.0,24.0,0.0
1951,2025-07-18,P003,Neri Forniture Ufficio,Isole,2.0,210.0,0.0
1952,2025-07-18,P009,Verdi Tech Solutions,Isole,11.0,65.0,0.05
1953,2025-07-18,P002,Oro Servizi Aziendali,Isole,3.0,38.0,0.05
1954,2025-07-22,P003,Argento Trading,Nord Ovest,15.0,210.0,0.1
1955,2025-07-22,P007,Blu Retail Group,Nord Ovest,9.0,18.0,0.05
1956,2025-07-22,P009,Viola Logistica Srl,Sud,7.0,65.0,0.0
1957,2025-07-23,P010,Oro Servizi Aziendali,Nord Ovest,13.0,24.0,0.15
1958,2025-07-23,P007,Viola Logistica Srl,Nord Est,3.0,18.0,0.0
1959,2025-07-25,P010,Marroni Commerciale,Centro,15.0,24.0,0.1
1960,2025-07-25,P004,Rossi Distribuzione Srl,Isole,1.0,22.0,0.15
1961,2025-07-28,P004,Blu Retail Group,Sud,12.0,22.0,0.2
1962,2025-07-28,P006,Marroni Commerciale,Isole,2.0,260.0,0.0
1963,2025-07-28,P005,Argento Trading,Sud,5.0,145.0,0.2
1964,2025-07-29,P010,Marroni Commerciale,Nord Est,5.0,24.0,0.15
1965,2025-07-29,P007,Argento Trading,Sud,9.0,18.0,0.2
1966,2025-07-30,P006,Viola Logistica Srl,Centro,9.0,260.0,0.1
1967,2025-07-31,P010,Marroni Commerciale,Nord Est,6.0,24.0,0.2
1968,2025-07-31,P002,Viola Logistica Srl,Nord Est,12.0,38.0,0.0
1969,2025-08-02,P009,Blu Retail Group,Isole,7.0,65.0,0.2
1970,2025-08-04,P007,Bianchi Office Spa,Nord Est,11.0,18.0,0.0
1971,2025-08-05,P010,Bianchi Office Spa,Centro,7.0,24.0,0.0
1972,2025-08-05,P004,Oro Servizi Aziendali,Nord Ovest,6.0,22.0,0.0
1973,2025-08-05,P007,Oro Servizi Aziendali,Isole,15.0,18.0,0.05
1974,2025-08-06,P010,Verdi Tech Solutions,Sud,1.0,24.0,0.2
1975,2025-08-06,P008,Argento Trading,Centro,1.0,29.0,0.0
1976,2025-08-07,P001,Argento Trading,Isole,13.0,12.5,0.1
1977,2025-08-08,P010,Rossi Distribuzione Srl,Centro,3.0,24.0,0.15
1978,2025-08-09,P001,Gialli Import Export,Sud,3.0,12.5,0.0
1979,2025-08-10,P007,Neri Forniture Ufficio,Isole,7.0,18.0,0.1
1980,2025-08-10,P001,Bianchi Office Spa,Nord Ovest,12.0,12.5,0.15
1981,2025-08-11,P009,Blu Retail Group,Centro,15.0,65.0,0.1
1982,2025-08-11,P005,Neri Forniture Ufficio,Sud,4.0,145.0,0.1
1983,2025-08-12,P010,Verdi Tech Solutions,Sud,1.0,24.0,0.0
1984,2025-08-12,P009,Bianchi Office Spa,Isole,2.0,65.0,0.1
1985,2025-08-12,P005,Argento Trading,Centro,6.0,145.0,0.0
1986,2025-08-13,P008,Viola Logistica Srl,Nord Est,7.0,29.0,0.1
1987,2025-08-13,P006,Viola Logistica Srl,Isole,13.0,260.0,0.05
1988,2025-08-15,P002,Marroni Commerciale,Nord Est,5.0,38.0,0.0
1989,2025-08-15,P004,Marroni Commerciale,Centro,13.0,22.0,0.0
1990,2025-08-15,P009,Gialli Import Export,Nord Est,9.0,65.0,0.0
1991,2025-08-16,P002,Blu Retail Group,Nord Ovest,7.0,38.0,0.15
1992,2025-08-16,P009,Viola Logistica Srl,Centro,15.0,65.0,0.0
1993,2025-08-17,P004,Gialli Import Export,Nord Est,15.0,22.0,0.1
1994,2025-08-17,P004,Neri Forniture Ufficio,Nord Est,8.0,22.0,0.15
1995,2025-08-18,P005,Neri Forniture Ufficio,Nord Est,4.0,145.0,0.0
1996,2025-08-19,P003,Bianchi Office Spa,Nord Ovest,13.0,210.0,0.0
1997,2025-08-19,P008,Argento Trading,Nord Ovest,10.0,29.0,0.0
1998,2025-08-20,P006,Viola Logistica Srl,Isole,10.0,260.0,0.0
1999,2025-08-20,P005,Argento Trading,Centro,8.0,145.0,0.0
2000,2025-08-20,P007,Oro Servizi Aziendali,Nord Est,4.0,18.0,0.2
2001,2025-08-22,P008,Argento Trading,Centro,9.0,29.0,0.0
2002,2025-08-22,P007,Verdi Tech Solutions,Sud,14.0,18.0,0.15
2003,2025-08-22,P002,Viola Logistica Srl,Centro,12.0,38.0,0.1
2004,2025-08-25,P007,Blu Retail Group,Centro,10.0,18.0,0.0
2005,2025-08-26,P003,Neri Forniture Ufficio,Centro,9.0,210.0,0.0
2006,2025-08-26,P008,Blu Retail Group,Nord Est,10.0,29.0,0.0
2007,2025-08-27,P007,Blu Retail Group,Centro,4.0,18.0,0.05
2008,2025-08-27,P007,Verdi Tech Solutions,Isole,5.0,18.0,0.05
2009,2025-08-27,P003,Neri Forniture Ufficio,Nord Ovest,10.0,210.0,0.15
2010,2025-08-28,P004,Marroni Commerciale,Nord Est,9.0,22.0,0.05
2011,2025-08-28,P003,Verdi Tech Solutions,Sud,13.0,210.0,0.15
2012,2025-08-30,P007,Argento Trading,Isole,8.0,18.0,0.0
2013,2025-08-31,P008,Argento Trading,Isole,5.0,29.0,0.0
2014,2025-08-31,P001,Verdi Tech Solutions,Nord Ovest,7.0,12.5,0.0
2015,2025-09-01,P005,Bianchi Office Spa,Sud,8.0,145.0,0.2
2016,2025-09-02,P005,Argento Trading,Isole,6.0,145.0,0.0
2017,2025-09-02,P005,Marroni Commerciale,Nord Ovest,6.0,145.0,0.0
2018,2025-09-03,P010,Oro Servizi Aziendali,Isole,4.0,24.0,0.1
2019,2025-09-03,P003,Blu Retail Group,Centro,13.0,210.0,0.0
2020,2025-09-04,P008,Marroni Commerciale,Isole,15.0,29.0,0.0
2021,2025-09-04,P005,Verdi Tech Solutions,Nord Est,8.0,145.0,0.15
2022,2025-09-04,P006,Oro Servizi Aziendali,Isole,7.0,260.0,0.15
2023,2025-09-05,P002,Blu Retail Group,Nord Est,2.0,38.0,0.0
2024,2025-09-05,P006,Gialli Import Export,Centro,6.0,260.0,0.15
2025,2025-09-05,P010,Gialli Import Export,Sud,11.0,24.0,0.05
2026,2025-09-06,P010,Marroni Commerciale,Nord Est,9.0,24.0,0.05
2027,2025-09-06,P003,Verdi Tech Solutions,Nord Est,14.0,210.0,0.0
2028,2025-09-07,P002,Marroni Commerciale,Nord Ovest,4.0,38.0,0.0
2029,2025-09-07,P002,Argento Trading,Nord Ovest,2.0,38.0,0.05
2030,2025-09-09,P009,Bianchi Office Spa,Centro,13.0,65.0,0.0
2031,2025-09-09,P010,Marroni Commerciale,Centro,3.0,24.0,0.0
2032,2025-09-09,P004,Gialli Import Export,Sud,4.0,22.0,0.15
2033,2025-09-10,P003,Verdi Tech Solutions,Nord Ovest,9.0,210.0,0.2
2034,2025-09-12,P006,Viola Logistica Srl,Isole,14.0,260.0,0.05
2035,2025-09-12,P005,Verdi Tech Solutions,Isole,9.0,145.0,0.05
2036,2025-09-13,P010,Oro Servizi Aziendali,Sud,10.0,24.0,0.05
2037,2025-09-14,P006,Neri Forniture Ufficio,Nord Ovest,8.0,260.0,0.1
2038,2025-09-14,P008,Marroni Commerciale,Centro,5.0,29.0,0.0
2039,2025-09-15,P005,Argento Trading,Nord Est,1.0,145.0,0.0
2040,2025-09-16,P005,Rossi Distribuzione Srl,Sud,8.0,145.0,0.1
2041,2025-09-16,P008,Marroni Commerciale,Centro,5.0,29.0,0.0
2042,2025-09-17,P001,Neri Forniture Ufficio,Sud,9.0,12.5,0.0
2043,2025-09-18,P007,Marroni Commerciale,Sud,4.0,18.0,0.0
2044,2025-09-18,P004,Marroni Commerciale,Nord Est,5.0,22.0,0.0
2045,2025-09-18,P009,Oro Servizi Aziendali,Centro,13.0,65.0,0.2
2046,2025-09-19,P009,Marroni Commerciale,Nord Est,13.0,65.0,0.0
2047,2025-09-19,P002,Gialli Import Export,Nord Ovest,3.0,38.0,0.0
2048,2025-09-20,P010,Oro Servizi Aziendali,Sud,8.0,24.0,0.0
2049,2025-09-20,P004,Verdi Tech Solutions,Nord Ovest,6.0,22.0,0.0
2050,2025-09-20,P009,Bianchi Office Spa,Centro,1.0,65.0,0.0
2051,2025-09-21,P003,Rossi Distribuzione Srl,Nord Est,12.0,210.0,0.05
2052,2025-09-21,P002,Viola Logistica Srl,Nord Est,3.0,38.0,0.0
2053,2025-09-22,P007,Viola Logistica Srl,Centro,5.0,18.0,0.2
2054,2025-09-22,P008,Rossi Distribuzione Srl,Centro,12.0,29.0,0.2
2055,2025-09-24,P001,Marroni Commerciale,Nord Ovest,5.0,12.5,0.2
2056,2025-09-25,P003,Gialli Import Export,Sud,4.0,210.0,0.2
2057,2025-09-25,P001,Neri Forniture Ufficio,Sud,2.0,12.5,0.2
2058,2025-09-25,P008,Rossi Distribuzione Srl,Nord Est,4.0,29.0,0.15
2059,2025-09-26,P002,Neri Forniture Ufficio,Sud,9.0,38.0,0.15
2060,2025-09-26,P007,Blu Retail Group,Nord Est,11.0,18.0,0.0
2061,2025-09-26,P001,Argento Trading,Nord Ovest,12.0,12.5,0.1
2062,2025-09-27,P008,Neri Forniture Ufficio,Centro,11.0,29.0,0.0
2063,2025-09-27,P001,Neri Forniture Ufficio,Nord Ovest,14.0,12.5,0.15
2064,2025-09-28,P007,Verdi Tech Solutions,Centro,6.0,18.0,0.0
2065,2025-09-30,P004,Oro Servizi Aziendali,Sud,1.0,22.0,0.0
2066,2025-09-30,P010,Bianchi Office Spa,Nord Est,3.0,24.0,0.0
2067,2025-09-30,P003,Oro Servizi Aziendali,Centro,8.0,210.0,0.0
2068,2025-10-03,P003,Bianchi Office Spa,Nord Est,12.0,210.0,0.1
2069,2025-10-03,P008,Argento Trading,Centro,4.0,29.0,0.0
2070,2025-10-04,P004,Marroni Commerciale,Centro,1.0,22.0,0.15
2071,2025-10-04,P003,Viola Logistica Srl,Sud,5.0,210.0,0.0
2072,2025-10-04,P009,Viola Logistica Srl,Nord Est,5.0,65.0,0.1
2073,2025-10-05,P009,Viola Logistica Srl,Centro,6.0,65.0,0.0
2074,2025-10-06,P002,Viola Logistica Srl,Centro,9.0,38.0,0.0
2075,2025-10-07,P009,Rossi Distribuzione Srl,Isole,6.0,65.0,0.05
2076,2025-10-07,P007,Rossi Distribuzione Srl,Isole,12.0,18.0,0.0
2077,2025-10-08,P010,Bianchi Office Spa,Isole,4.0,24.0,0.0
2078,2025-10-08,P007,Viola Logistica Srl,Isole,4.0,18.0,0.1
2079,2025-10-09,P010,Marroni Commerciale,Centro,5.0,24.0,0.0
2080,2025-10-14,P003,Neri Forniture Ufficio,Nord Ovest,14.0,210.0,0.0
2081,2025-10-15,P004,Oro Servizi Aziendali,Sud,2.0,22.0,0.0
2082,2025-10-15,P008,Oro Servizi Aziendali,Centro,9.0,29.0,0.1
2083,2025-10-15,P001,Oro Servizi Aziendali,Nord Ovest,6.0,12.5,0.0
2084,2025-10-17,P008,Bianchi Office Spa,Sud,15.0,29.0,0.2
2085,2025-10-19,P009,Blu Retail Group,Nord Ovest,12.0,65.0,0.05
2086,2025-10-19,P010,Rossi Distribuzione Srl,Nord Ovest,5.0,24.0,0.1
2087,2025-10-20,P002,Bianchi Office Spa,Nord Ovest,4.0,38.0,0.1
2088,2025-10-20,P004,Neri Forniture Ufficio,Nord Est,9.0,22.0,0.05
2089,2025-10-21,P010,Argento Trading,Isole,11.0,24.0,0.0
2090,2025-10-22,P002,Oro Servizi Aziendali,Centro,13.0,38.0,0.15
2091,2025-10-22,P008,Marroni Commerciale,Nord Ovest,12.0,29.0,0.15
2092,2025-10-22,P003,Argento Trading,Sud,13.0,210.0,0.0
2093,2025-10-23,P003,Viola Logistica Srl,Centro,9.0,210.0,0.1
2094,2025-10-23,P006,Blu Retail Group,Sud,9.0,260.0,0.0
2095,2025-10-24,P006,Oro Servizi Aziendali,Isole,10.0,260.0,0.0
2096,2025-10-24,P004,Argento Trading,Centro,7.0,22.0,0.2
2097,2025-10-24,P006,Marroni Commerciale,Nord Ovest,8.0,260.0,0.05
2098,2025-10-26,P010,Verdi Tech Solutions,Centro,1.0,24.0,0.1
2099,2025-10-26,P001,Neri Forniture Ufficio,Centro,5.0,12.5,0.0
2100,2025-10-28,P009,Oro Servizi Aziendali,Isole,9.0,65.0,0.1
2101,2025-10-28,P003,Viola Logistica Srl,Centro,2.0,210.0,0.0
2102,2025-10-29,P003,Oro Servizi Aziendali,Nord Est,5.0,210.0,0.0
2103,2025-10-30,P005,Bianchi Office Spa,Isole,13.0,145.0,0.0
2104,2025-10-31,P010,Bianchi Office Spa,Centro,15.0,24.0,0.0
2105,2025-10-31,P008,Oro Servizi Aziendali,Nord Ovest,3.0,29.0,0.05
2106,2025-10-31,P010,Rossi Distribuzione Srl,Isole,11.0,24.0,0.0
2107,2025-11-01,P001,Blu Retail Group,Centro,15.0,12.5,0.2
2108,2025-11-01,P007,Bianchi Office Spa,Nord Est,7.0,18.0,0.2
2109,2025-11-01,P010,Marroni Commerciale,Nord Ovest,15.0,24.0,0.0
2110,2025-11-01,P005,Blu Retail Group,Isole,9.0,145.0,0.0
2111,2025-11-02,P009,Verdi Tech Solutions,Nord Ovest,12.0,65.0,0.0
2112,2025-11-02,P007,Oro Servizi Aziendali,Isole,8.0,18.0,0.2
2113,2025-11-02,P009,Marroni Commerciale,Centro,2.0,65.0,0.0
2114,2025-11-03,P003,Viola Logistica Srl,Isole,6.0,210.0,0.0
2115,2025-11-03,P001,Gialli Import Export,Nord Ovest,9.0,12.5,0.05
2116,2025-11-03,P007,Verdi Tech Solutions,Nord Est,9.0,18.0,0.05
2117,2025-11-03,P008,Viola Logistica Srl,Sud,9.0,29.0,0.0
2118,2025-11-04,P004,Marroni Commerciale,Centro,2.0,22.0,0.0
2119,2025-11-04,P010,Marroni Commerciale,Sud,2.0,24.0,0.0
2120,2025-11-05,P004,Oro Servizi Aziendali,Nord Ovest,6.0,22.0,0.0
2121,2025-11-05,P005,Oro Servizi Aziendali,Sud,3.0,145.0,0.0
2122,2025-11-05,P010,Rossi Distribuzione Srl,Nord Est,3.0,24.0,0.05
2123,2025-11-05,P004,Verdi Tech Solutions,Nord Ovest,11.0,22.0,0.0
2124,2025-11-06,P004,Gialli Import Export,Nord Ovest,10.0,22.0,0.0
2125,2025-11-07,P005,Rossi Distribuzione Srl,Centro,8.0,145.0,0.05
2126,2025-11-07,P004,Neri Forniture Ufficio,Nord Est,12.0,22.0,0.1
2127,2025-11-07,P009,Gialli Import Export,Isole,9.0,65.0,0.2
2128,2025-11-08,P001,Argento Trading,Nord Ovest,7.0,12.5,0.1
2129,2025-11-08,P005,Gialli Import Export,Nord Est,3.0,145.0,0.0
2130,2025-11-08,P010,Viola Logistica Srl,Nord Ovest,5.0,24.0,0.0
2131,2025-11-08,P002,Gialli Import Export,Centro,7.0,38.0,0.15
2132,2025-11-09,P005,Marroni Commerciale,Nord Est,14.0,145.0,0.15
2133,2025-11-10,P006,Oro Servizi Aziendali,Isole,8.0,260.0,0.2
2134,2025-11-10,P002,Argento Trading,Sud,3.0,38.0,0.0
2135,2025-11-10,P009,Rossi Distribuzione Srl,Nord Ovest,15.0,65.0,0.15
2136,2025-11-10,P004,Gialli Import Export,Centro,15.0,22.0,0.1
2137,2025-11-11,P003,Blu Retail Group,Centro,1.0,210.0,0.0
2138,2025-11-11,P005,Gialli Import Export,Nord Ovest,4.0,145.0,0.1
2139,2025-11-11,P005,Rossi Distribuzione Srl,Isole,15.0,145.0,0.05
2140,2025-11-11,P005,Blu Retail Group,Sud,4.0,145.0,0.0
2141,2025-11-11,P003,Marroni Commerciale,Isole,2.0,210.0,0.15
2142,2025-11-12,P004,Marroni Commerciale,Centro,10.0,22.0,0.0
2143,2025-11-12,P010,Argento Trading,Nord Est,6.0,24.0,0.05
2144,2025-11-12,P004,Oro Servizi Aziendali,Isole,11.0,22.0,0.0
2145,2025-11-13,P005,Argento Trading,Nord Est,12.0,145.0,0.15
2146,2025-11-13,P007,Verdi Tech Solutions,Isole,15.0,18.0,0.2
2147,2025-11-14,P002,Bianchi Office Spa,Nord Est,9.0,38.0,0.1
2148,2025-11-14,P006,Rossi Distribuzione Srl,Centro,14.0,260.0,0.0
2149,2025-11-14,P007,Viola Logistica Srl,Centro,7.0,18.0,0.0
2150,2025-11-15,P002,Rossi Distribuzione Srl,Isole,3.0,38.0,0.0
2151,2025-11-15,P010,Oro Servizi Aziendali,Isole,5.0,24.0,0.1
2152,2025-11-16,P004,Blu Retail Group,Nord Ovest,11.0,22.0,0.0
2153,2025-11-16,P008,Oro Servizi Aziendali,Sud,3.0,29.0,0.1
2154,2025-11-17,P007,Verdi Tech Solutions,Nord Est,8.0,18.0,0.05
2155,2025-11-17,P004,Marroni Commerciale,Nord Ovest,4.0,22.0,0.0
2156,2025-11-17,P005,Neri Forniture Ufficio,Nord Est,7.0,145.0,0.0
2157,2025-11-18,P008,Viola Logistica Srl,Centro,14.0,29.0,0.1
2158,2025-11-19,P007,Rossi Distribuzione Srl,Isole,7.0,18.0,0.2
2159,2025-11-19,P007,Marroni Commerciale,Isole,12.0,18.0,0.0
2160,2025-11-19,P010,Argento Trading,Nord Ovest,10.0,24.0,0.1
2161,2025-11-19,P009,Viola Logistica Srl,Nord Ovest,2.0,65.0,0.05
2162,2025-11-20,P001,Argento Trading,Nord Ovest,9.0,12.5,0.05
2163,2025-11-20,P004,Marroni Commerciale,Centro,5.0,22.0,0.05
2164,2025-11-20,P005,Marroni Commerciale,Centro,8.0,145.0,0.0
2165,2025-11-21,P008,Viola Logistica Srl,Nord Ovest,14.0,29.0,0.15
2166,2025-11-22,P010,Argento Trading,Nord Est,15.0,24.0,0.15
2167,2025-11-23,P006,Verdi Tech Solutions,Sud,8.0,260.0,0.0
2168,2025-11-23,P010,Neri Forniture Ufficio,Sud,15.0,24.0,0.15
2169,2025-11-23,P002,Verdi Tech Solutions,Nord Ovest,5.0,38.0,0.0
2170,2025-11-23,P002,Viola Logistica Srl,Centro,2.0,38.0,0.15
2171,2025-11-23,P002,Marroni Commerciale,Isole,9.0,38.0,0.15
2172,2025-11-24,P009,Verdi Tech Solutions,Centro,7.0,65.0,0.0
2173,2025-11-24,P010,Verdi Tech Solutions,Nord Est,14.0,24.0,0.15
2174,2025-11-24,P003,Rossi Distribuzione Srl,Sud,3.0,210.0,0.2
2175,2025-11-25,P008,Verdi Tech Solutions,Nord Ovest,5.0,29.0,0.15
2176,2025-11-25,P003,Oro Servizi Aziendali,Centro,4.0,210.0,0.0
2177,2025-11-25,P001,Viola Logistica Srl,Isole,8.0,12.5,0.05
2178,2025-11-25,P001,Neri Forniture Ufficio,Nord Est,10.0,12.5,0.05
2179,2025-11-26,P007,Oro Servizi Aziendali,Isole,8.0,18.0,0.0
2180,2025-11-26,P001,Gialli Import Export,Isole,4.0,12.5,0.1
2181,2025-11-26,P009,Neri Forniture Ufficio,Nord Ovest,14.0,65.0,0.2
2182,2025-11-26,P003,Blu Retail Group,Nord Ovest,3.0,210.0,0.0
2183,2025-11-26,P003,Oro Servizi Aziendali,Isole,14.0,210.0,0.0
2184,2025-11-27,P002,Marroni Commerciale,Nord Est,1.0,38.0,0.0
2185,2025-11-27,P003,Oro Servizi Aziendali,Isole,11.0,210.0,0.0
2186,2025-11-27,P010,Verdi Tech Solutions,Sud,13.0,24.0,0.1
2187,2025-11-27,P010,Bianchi Office Spa,Centro,6.0,24.0,0.0
2188,2025-11-28,P007,Marroni Commerciale,Isole,14.0,18.0,0.0
2189,2025-11-28,P002,Verdi Tech Solutions,Nord Ovest,5.0,38.0,0.05
2190,2025-11-28,P005,Marroni Commerciale,Isole,6.0,145.0,0.1
2191,2025-11-28,P004,Oro Servizi Aziendali,Nord Ovest,12.0,22.0,0.0
2192,2025-11-29,P008,Oro Servizi Aziendali,Centro,12.0,29.0,0.15
2193,2025-11-30,P005,Oro Servizi Aziendali,Centro,9.0,145.0,0.1
2194,2025-11-30,P003,Viola Logistica Srl,Isole,10.0,210.0,0.1
2195,2025-11-30,P008,Verdi Tech Solutions,Isole,8.0,29.0,0.2
2196,2025-11-30,P004,Neri Forniture Ufficio,Nord Ovest,12.0,22.0,0.0
2197,2025-11-30,P002,Bianchi Office Spa,Nord Est,1.0,38.0,0.05
2198,2025-12-01,P001,Argento Trading,Nord Est,6.0,12.5,0.0
2199,2025-12-01,P001,Gialli Import Export,Centro,11.0,12.5,0.0
2200,2025-12-01,P002,Argento Trading,Isole,5.0,38.0,0.0
2201,2025-12-01,P006,Bianchi Office Spa,Centro,13.0,260.0,0.0
2202,2025-12-01,P006,Oro Servizi Aziendali,Isole,7.0,260.0,0.15
2203,2025-12-02,P004,Blu Retail Group,Sud,6.0,22.0,0.2
2204,2025-12-03,P003,Viola Logistica Srl,Isole,8.0,210.0,0.0
2205,2025-12-03,P006,Marroni Commerciale,Nord Ovest,8.0,260.0,0.2
2206,2025-12-03,P009,Blu Retail Group,Isole,5.0,65.0,0.1
2207,2025-12-03,P009,Oro Servizi Aziendali,Centro,1.0,65.0,0.0
2208,2025-12-04,P003,Rossi Distribuzione Srl,Centro,5.0,210.0,0.2
2209,2025-12-04,P007,Verdi Tech Solutions,Isole,11.0,18.0,0.1
2210,2025-12-04,P010,Oro Servizi Aziendali,Nord Ovest,7.0,24.0,0.0
2211,2025-12-05,P001,Bianchi Office Spa,Sud,5.0,12.5,0.05
2212,2025-12-05,P004,Gialli Import Export,Nord Est,6.0,22.0,0.05
2213,2025-12-05,P009,Bianchi Office Spa,Centro,5.0,65.0,0.0
2214,2025-12-05,P001,Bianchi Office Spa,Sud,13.0,12.5,0.0
2215,2025-12-06,P009,Blu Retail Group,Sud,3.0,65.0,0.0
2216,2025-12-06,P009,Blu Retail Group,Nord Est,5.0,65.0,0.2
2217,2025-12-07,P004,Viola Logistica Srl,Sud,12.0,22.0,0.0
2218,2025-12-08,P005,Oro Servizi Aziendali,Nord Ovest,15.0,145.0,0.0
2219,2025-12-09,P001,Gialli Import Export,Nord Ovest,2.0,12.5,0.1
2220,2025-12-09,P010,Neri Forniture Ufficio,Centro,13.0,24.0,0.0
2221,2025-12-09,P004,Gialli Import Export,Isole,4.0,22.0,0.0
2222,2025-12-09,P006,Bianchi Office Spa,Centro,13.0,260.0,0.05
2223,2025-12-10,P005,Oro Servizi Aziendali,Isole,2.0,145.0,0.0
2224,2025-12-10,P009,Argento Trading,Centro,2.0,65.0,0.0
2225,2025-12-11,P003,Gialli Import Export,Isole,12.0,210.0,0.2
2226,2025-12-11,P004,Gialli Import Export,Isole,3.0,22.0,0.0
2227,2025-12-11,P006,Rossi Distribuzione Srl,Nord Est,9.0,260.0,0.05
2228,2025-12-11,P001,Rossi Distribuzione Srl,Nord Ovest,8.0,12.5,0.15
2229,2025-12-12,P002,Verdi Tech Solutions,Isole,7.0,38.0,0.05
2230,2025-12-12,P010,Viola Logistica Srl,Isole,11.0,24.0,0.2
2231,2025-12-12,P006,Neri Forniture Ufficio,Isole,5.0,260.0,0.0
2232,2025-12-12,P002,Viola Logistica Srl,Isole,15.0,38.0,0.2
2233,2025-12-13,P008,Gialli Import Export,Sud,2.0,29.0,0.05
2234,2025-12-13,P008,Verdi Tech Solutions,Isole,4.0,29.0,0.0
2235,2025-12-14,P007,Blu Retail Group,Centro,3.0,18.0,0.15
2236,2025-12-14,P008,Bianchi Office Spa,Sud,8.0,29.0,0.0
2237,2025-12-14,P002,Viola Logistica Srl,Nord Est,6.0,38.0,0.05
2238,2025-12-14,P005,Oro Servizi Aziendali,Isole,13.0,145.0,0.0
2239,2025-12-15,P007,Bianchi Office Spa,Centro,14.0,18.0,0.15
2240,2025-12-15,P009,Gialli Import Export,Isole,11.0,65.0,0.0
2241,2025-12-16,P010,Oro Servizi Aziendali,Nord Est,7.0,24.0,0.0
2242,2025-12-16,P009,Marroni Commerciale,Nord Ovest,3.0,65.0,0.05
2243,2025-12-16,P006,Oro Servizi Aziendali,Sud,4.0,260.0,0.2
2244,2025-12-16,P007,Blu Retail Group,Isole,10.0,18.0,0.2
2245,2025-12-16,P004,Bianchi Office Spa,Isole,3.0,22.0,0.15
2246,2025-12-17,P010,Blu Retail Group,Isole,10.0,24.0,0.05
2247,2025-12-17,P002,Verdi Tech Solutions,Centro,14.0,38.0,0.05
2248,2025-12-17,P007,Bianchi Office Spa,Isole,2.0,18.0,0.1
2249,2025-12-17,P007,Rossi Distribuzione Srl,Nord Ovest,6.0,18.0,0.05
2250,2025-12-18,P010,Rossi Distribuzione Srl,Nord Est,15.0,24.0,0.2
2251,2025-12-18,P003,Gialli Import Export,Sud,8.0,210.0,0.1
2252,2025-12-19,P004,Gialli Import Export,Isole,11.0,22.0,0.0
2253,2025-12-19,P005,Blu Retail Group,Nord Ovest,15.0,145.0,0.05
2254,2025-12-19,P010,Argento Trading,Sud,1.0,24.0,0.1
2255,2025-12-19,P003,Rossi Distribuzione Srl,Centro,14.0,210.0,0.0
2256,2025-12-20,P009,Bianchi Office Spa,Centro,14.0,65.0,0.0
2257,2025-12-21,P007,Marroni Commerciale,Centro,12.0,18.0,0.1
2258,2025-12-22,P007,Neri Forniture Ufficio,Nord Est,7.0,18.0,0.1
2259,2025-12-22,P008,Argento Trading,Sud,3.0,29.0,0.0
2260,2025-12-22,P006,Verdi Tech Solutions,Centro,14.0,260.0,0.05
2261,2025-12-22,P003,Bianchi Office Spa,Nord Ovest,3.0,210.0,0.0
2262,2025-12-22,P003,Marroni Commerciale,Nord Est,12.0,210.0,0.05
2263,2025-12-23,P007,Oro Servizi Aziendali,Sud,14.0,18.0,0.05
2264,2025-12-24,P009,Viola Logistica Srl,Sud,7.0,65.0,0.1
2265,2025-12-24,P006,Marroni Commerciale,Isole,4.0,260.0,0.0
2266,2025-12-24,P001,Neri Forniture Ufficio,Isole,10.0,12.5,0.05
2267,2025-12-25,P009,Rossi Distribuzione Srl,Nord Ovest,10.0,65.0,0.0
2268,2025-12-25,P010,Blu Retail Group,Nord Ovest,8.0,24.0,0.15
2269,2025-12-25,P010,Bianchi Office Spa,Nord Est,8.0,24.0,0.15
2270,2025-12-25,P009,Gialli Import Export,Sud,14.0,65.0,0.2
2271,2025-12-26,P004,Bianchi Office Spa,Isole,8.0,22.0,0.15
2272,2025-12-27,P006,Rossi Distribuzione Srl,Sud,9.0,260.0,0.2
2273,2025-12-27,P008,Oro Servizi Aziendali,Centro,9.0,29.0,0.05
2274,2025-12-27,P007,Gialli Import Export,Centro,6.0,18.0,0.2
2275,2025-12-28,P010,Oro Servizi Aziendali,Centro,12.0,24.0,0.0
2276,2025-12-28,P001,Oro Servizi Aziendali,Nord Est,11.0,12.5,0.05
2277,2025-12-29,P010,Viola Logistica Srl,Nord Ovest,1.0,24.0,0.0
2278,2025-12-29,P003,Gialli Import Export,Centro,9.0,210.0,0.0
2279,2025-12-30,P005,Rossi Distribuzione Srl,Nord Ovest,14.0,145.0,0.0
2280,2025-12-30,P010,Verdi Tech Solutions,Sud,3.0,24.0,0.1
2281,2025-12-30,P006,Gialli Import Export,Nord Est,13.0,260.0,0.0
2282,2025-12-31,P009,Blu Retail Group,Nord Ovest,14.0,65.0,0.0
2283,2025-12-31,P003,Verdi Tech Solutions,Sud,10.0,210.0,0.2
2284,2025-12-31,P007,Neri Forniture Ufficio,Sud,13.0,18.0,0.05
2285,2025-12-31,P003,Blu Retail Group,Nord Ovest,4.0,210.0,0.1
